machine_id,ideal_cycle_time,actual_cycle_time,variance
M-009,36.87967914438503,48.75840240641712,11.87872326203209
M-012,36.5781041388518,46.88626168224299,10.30815754339119
M-006,36.95384615384615,45.416053511705684,8.462207357859533
M-003,36.79784366576819,44.607142857142854,7.809299191374663
M-011,36.74222529371113,43.60028334485142,6.85805805114029
M-004,36.56,43.02666451612903,6.466664516129029
M-002,36.529335071707955,42.18331812255541,5.653983050847458
M-007,36.79147837314397,42.03238218205294,5.240903808908975
M-010,36.67392784206943,41.52726344452008,4.853335602450649
M-005,37.079301075268816,41.57311155913978,4.493810483870966
M-001,36.725935828877006,41.12945187165776,4.403516042780751
M-008,37.13922356091031,41.51604417670683,4.376820615796518
