machine_id,total_units,downtime_minutes,availability_pct,performance_pct,quality_pct,oee_pct,cycle_time_variance,maintenance_events
M-001,972133,23160.7,96.77463513814617,85.62743466551606,97.6780954869344,80.94157649937863,4.403516042780751,142
M-002,967310,22598.3,96.93091318991742,82.51393390498897,97.72089609328964,78.15864793211045,5.653983050847458,127
M-003,884577,23143.4,96.75098270440252,78.71839660142803,97.70760487781166,74.41491530604173,7.809299191374663,165
M-004,957829,22555.2,96.9683870967742,80.89837744112,97.71107368851851,76.65028405017922,6.466664516129029,148
M-005,962604,21984.5,96.9219730062724,85.93330914250124,97.68004288367803,81.35600680594095,4.493810483870966,133
M-006,875260,22702.8,96.83628762541805,77.57555934080462,97.74227086808492,73.42525648171969,8.462207357859533,156
M-007,984786,20201.7,97.28296481601033,83.48499045112632,97.71046704563226,79.35719137412956,5.240903808908975,150
M-008,964500,22169.4,96.90855087014725,85.9072599896501,97.68138932089165,81.32120302507568,4.376820615796518,157
M-009,809413,21994.9,96.93698473707664,71.4732813925915,96.52451838554606,66.8760896680115,11.87872326203209,187
M-010,946557,22221.9,96.84849387338325,84.72216454257162,97.71603823118946,80.17810082063576,4.853335602450649,156
M-011,881607,21680.3,96.87855620824695,80.23277418562037,97.67084426507503,75.9179388397732,6.85805805114029,138
M-012,846770,23669.6,96.70816644414776,74.23679342130836,96.50389125736622,69.28307893563867,10.30815754339119,141
