machine_id,total_units,good_units,average_ideal_cycle_seconds,quality,downtime_minutes,planned_time_minutes,operating_time_minutes,availability,ideal_production_time_minutes,performance,oee,availability_pct,performance_pct,quality_pct,oee_pct
M-001,972133,949561,36.725935828877006,0.976780954869344,23160.7,718080,694919.3,0.9677463513814617,595041.5695855615,0.8562743466551606,0.8094157649937862,96.77463513814617,85.62743466551606,97.6780954869344,80.94157649937863
M-002,967310,945264,36.529335071707955,0.9772089609328963,22598.3,736320,713721.7,0.9693091318991742,588919.8518035637,0.8251393390498898,0.7815864793211046,96.93091318991742,82.51393390498897,97.72089609328964,78.15864793211045
M-003,884577,864299,36.79784366576819,0.9770760487781166,23143.4,712320,689176.6,0.9675098270440251,542508.7692722372,0.7871839660142803,0.7441491530604173,96.75098270440252,78.71839660142803,97.70760487781166,74.41491530604173
M-004,957829,935905,36.56,0.9771107368851851,22555.2,744000,721444.8,0.969683870967742,583637.1373333334,0.8089837744112001,0.7665028405017922,96.9683870967742,80.89837744112,97.71107368851851,76.65028405017922
M-005,962604,940272,37.079301075268816,0.9768004288367802,21984.5,714240,692255.5,0.969219730062724,594878.0588709677,0.8593330914250125,0.8135600680594095,96.9219730062724,85.93330914250124,97.68004288367803,81.35600680594095
M-006,875260,855499,36.95384615384615,0.9774227086808491,22702.8,717600,694897.2,0.9683628762541805,539070.3897435897,0.7757555934080461,0.7342525648171968,96.83628762541805,77.57555934080462,97.74227086808492,73.42525648171969
M-007,984786,962239,36.79147837314397,0.9771046704563225,20201.7,743520,723318.3,0.9728296481601033,603862.2136862493,0.8348499045112633,0.7935719137412955,97.28296481601033,83.48499045112632,97.71046704563226,79.35719137412956
M-008,964500,942137,37.13922356091031,0.9768138932089165,22169.4,717120,694950.6,0.9690855087014725,597013.0187416333,0.859072599896501,0.8132120302507567,96.90855087014725,85.9072599896501,97.68138932089165,81.32120302507568
M-009,809413,781282,36.87967914438503,0.9652451838554607,21994.9,718080,696085.1,0.9693698473707665,497514.86225490196,0.714732813925915,0.6687608966801151,96.93698473707664,71.4732813925915,96.52451838554606,66.8760896680115
M-010,946557,924938,36.67392784206943,0.9771603823118946,22221.9,705120,682898.1,0.9684849387338325,578566.0519400953,0.8472216454257162,0.8017810082063577,96.84849387338325,84.72216454257162,97.71603823118946,80.17810082063576
M-011,881607,861073,36.74222529371113,0.9767084426507503,21680.3,694560,672879.7,0.9687855620824695,539870.0502418798,0.8023277418562037,0.759179388397732,96.87855620824695,80.23277418562037,97.67084426507503,75.9179388397732
M-012,846770,817166,36.5781041388518,0.9650389125736623,23669.6,719040,695370.4,0.9670816644414776,516220.68736092566,0.7423679342130837,0.6928307893563866,96.70816644414776,74.23679342130836,96.50389125736622,69.28307893563867
