maintenance_id,date,machine_id,maintenance_type,maintenance_duration_minutes,maintenance_cost,failure_flag
MT-000001,2026-06-11,M-002,Emergency,177.5,773.05,1
MT-000002,2026-02-25,M-007,Preventive,45.3,183.58,0
MT-000003,2026-05-19,M-005,Corrective,124.7,776.45,1
MT-000004,2026-01-27,M-001,Corrective,40.8,342.64,1
MT-000005,2026-05-26,M-009,Corrective,15.5,75.6,1
MT-000006,2026-05-31,M-008,Corrective,98.9,966.14,1
MT-000007,2026-06-17,M-012,Corrective,146.7,891.13,1
MT-000008,2026-05-05,M-011,Corrective,66.6,550.46,1
MT-000009,2026-06-27,M-008,Preventive,15.0,146.06,0
MT-000010,2026-06-07,M-009,Corrective,51.5,445.25,1
MT-000011,2026-03-09,M-004,Preventive,131.8,1172.13,0
MT-000012,2026-03-19,M-007,Preventive,15.0,69.5,0
MT-000013,2026-02-01,M-011,Corrective,110.9,734.4,1
MT-000014,2026-05-17,M-007,Corrective,31.5,205.78,1
MT-000015,2026-05-25,M-004,Corrective,61.7,305.94,1
MT-000016,2026-05-27,M-003,Corrective,58.2,480.32,1
MT-000017,2026-05-01,M-003,Preventive,19.0,134.18,0
MT-000018,2026-02-26,M-007,Preventive,46.2,374.63,0
MT-000019,2026-01-15,M-007,Corrective,86.9,450.44,1
MT-000020,2026-03-11,M-011,Emergency,154.9,1443.77,1
MT-000021,2026-05-27,M-005,Preventive,63.0,275.06,0
MT-000022,2026-01-26,M-011,Emergency,67.4,344.63,1
MT-000023,2026-02-10,M-004,Preventive,51.3,405.31,0
MT-000024,2026-04-07,M-001,Emergency,70.4,434.59,1
MT-000025,2026-04-16,M-011,Preventive,56.7,542.67,0
MT-000026,2026-01-07,M-011,Corrective,33.9,229.12,1
MT-000027,2026-06-30,M-003,Preventive,157.0,1460.71,0
MT-000028,2026-02-25,M-002,Corrective,249.4,2054.73,1
MT-000029,2026-03-03,M-001,Corrective,85.2,460.56,1
MT-000030,2026-03-26,M-002,Preventive,39.6,185.47,0
MT-000031,2026-02-22,M-011,Emergency,85.8,829.39,1
MT-000032,2026-05-29,M-003,Corrective,63.9,280.59,1
MT-000033,2026-06-10,M-010,Corrective,57.8,464.76,1
MT-000034,2026-03-07,M-007,Preventive,82.5,497.46,0
MT-000035,2026-06-19,M-009,Preventive,28.0,203.05,0
MT-000036,2026-03-25,M-001,Corrective,21.0,99.04,1
MT-000037,2026-03-01,M-011,Preventive,15.0,131.38,0
MT-000038,2026-05-14,M-010,Corrective,137.5,1232.23,1
MT-000039,2026-06-29,M-012,Corrective,15.0,71.2,1
MT-000040,2026-02-10,M-010,Corrective,16.0,83.87,1
MT-000041,2026-05-12,M-009,Emergency,89.4,432.55,1
MT-000042,2026-04-15,M-005,Emergency,207.4,1077.15,1
MT-000043,2026-02-05,M-002,Preventive,15.0,117.03,0
MT-000044,2026-01-10,M-003,Preventive,68.7,324.08,0
MT-000045,2026-04-25,M-002,Corrective,51.1,449.35,1
MT-000046,2026-06-02,M-001,Corrective,24.9,223.9,1
MT-000047,2026-01-20,M-001,Emergency,120.7,693.84,1
MT-000048,2026-05-05,M-012,Preventive,52.8,515.62,0
MT-000049,2026-04-02,M-002,Preventive,89.6,579.33,0
MT-000050,2026-04-15,M-001,Corrective,58.5,270.06,1
MT-000051,2026-02-26,M-012,Preventive,62.8,514.9,0
MT-000052,2026-03-20,M-012,Preventive,29.7,255.83,0
MT-000053,2026-05-19,M-006,Preventive,18.6,126.12,0
MT-000054,2026-01-13,M-007,Corrective,233.9,1779.49,1
MT-000055,2026-05-15,M-010,Emergency,115.9,597.54,1
MT-000056,2026-05-23,M-008,Emergency,77.8,352.5,1
MT-000057,2026-03-27,M-004,Preventive,30.0,297.71,0
MT-000058,2026-01-21,M-009,Preventive,54.9,294.99,0
MT-000059,2026-03-16,M-010,Preventive,25.7,231.06,0
MT-000060,2026-03-05,M-003,Preventive,15.0,92.07,0
MT-000061,2026-04-18,M-003,Emergency,152.4,1213.66,1
MT-000062,2026-02-18,M-008,Preventive,53.8,493.71,0
MT-000063,2026-01-21,M-010,Corrective,51.8,477.31,1
MT-000064,2026-02-14,M-009,Preventive,64.1,396.2,0
MT-000065,2026-06-20,M-006,Preventive,51.3,219.28,0
MT-000066,2026-04-14,M-012,Corrective,58.3,429.88,1
MT-000067,2026-04-18,M-003,Preventive,42.7,270.32,0
MT-000068,2026-05-18,M-002,Preventive,30.7,151.97,0
MT-000069,2026-02-12,M-006,Corrective,51.7,420.8,1
MT-000070,2026-02-13,M-011,Corrective,102.5,602.57,1
MT-000071,2026-03-11,M-009,Preventive,49.3,315.42,0
MT-000072,2026-03-07,M-008,Corrective,60.2,280.61,1
MT-000073,2026-04-03,M-003,Preventive,93.5,442.09,0
MT-000074,2026-05-09,M-009,Corrective,93.3,436.5,1
MT-000075,2026-05-04,M-008,Preventive,65.1,551.51,0
MT-000076,2026-01-30,M-004,Preventive,15.0,125.04,0
MT-000077,2026-06-27,M-010,Preventive,17.5,105.85,0
MT-000078,2026-03-05,M-011,Corrective,83.4,592.68,1
MT-000079,2026-04-05,M-005,Emergency,37.8,205.51,1
MT-000080,2026-05-24,M-010,Preventive,55.6,393.19,0
MT-000081,2026-06-22,M-011,Corrective,89.5,461.8,1
MT-000082,2026-03-25,M-002,Corrective,31.2,140.08,1
MT-000083,2026-01-21,M-003,Corrective,119.8,931.3,1
MT-000084,2026-02-24,M-006,Emergency,46.9,274.77,1
MT-000085,2026-06-10,M-002,Preventive,93.2,760.78,0
MT-000086,2026-05-25,M-004,Preventive,49.5,438.21,0
MT-000087,2026-05-02,M-007,Preventive,61.5,312.0,0
MT-000088,2026-01-13,M-011,Preventive,22.7,193.14,0
MT-000089,2026-02-27,M-003,Preventive,80.6,752.56,0
MT-000090,2026-02-13,M-005,Preventive,15.0,81.82,0
MT-000091,2026-03-10,M-003,Corrective,223.8,1496.06,1
MT-000092,2026-04-11,M-009,Emergency,62.8,522.7,1
MT-000093,2026-04-19,M-008,Corrective,143.0,871.71,1
MT-000094,2026-01-29,M-009,Preventive,82.3,603.11,0
MT-000095,2026-02-11,M-010,Preventive,69.3,580.32,0
MT-000096,2026-05-05,M-001,Preventive,15.2,146.51,0
MT-000097,2026-03-24,M-003,Corrective,49.3,378.76,1
MT-000098,2026-06-26,M-006,Preventive,47.0,283.1,0
MT-000099,2026-06-04,M-003,Preventive,60.5,399.58,0
MT-000100,2026-06-17,M-012,Preventive,30.9,308.59,0
MT-000101,2026-06-01,M-002,Preventive,68.7,453.38,0
MT-000102,2026-05-02,M-007,Preventive,32.7,240.51,0
MT-000103,2026-06-05,M-005,Corrective,42.2,209.94,1
MT-000104,2026-01-09,M-001,Corrective,132.0,900.81,1
MT-000105,2026-03-31,M-007,Corrective,39.5,318.11,1
MT-000106,2026-05-10,M-010,Emergency,165.5,960.95,1
MT-000107,2026-01-06,M-007,Emergency,157.5,1546.44,1
MT-000108,2026-04-06,M-008,Preventive,24.1,233.07,0
MT-000109,2026-06-24,M-010,Preventive,41.6,367.27,0
MT-000110,2026-04-05,M-006,Preventive,20.2,116.48,0
MT-000111,2026-03-04,M-002,Corrective,22.9,105.41,1
MT-000112,2026-03-29,M-005,Preventive,31.4,195.06,0
MT-000113,2026-05-20,M-010,Emergency,109.1,786.86,1
MT-000114,2026-06-17,M-008,Corrective,47.6,283.37,1
MT-000115,2026-05-23,M-008,Emergency,94.1,779.51,1
MT-000116,2026-02-11,M-010,Corrective,164.8,1094.73,1
MT-000117,2026-01-03,M-006,Corrective,52.5,472.38,1
MT-000118,2026-03-12,M-007,Emergency,43.7,388.91,1
MT-000119,2026-04-21,M-007,Corrective,131.9,969.8,1
MT-000120,2026-05-12,M-009,Preventive,43.0,198.67,0
MT-000121,2026-04-09,M-004,Preventive,92.1,869.64,0
MT-000122,2026-06-23,M-010,Emergency,147.6,1341.79,1
MT-000123,2026-02-15,M-004,Emergency,63.5,464.02,1
MT-000124,2026-02-13,M-009,Preventive,25.8,171.86,0
MT-000125,2026-03-04,M-006,Corrective,87.6,649.07,1
MT-000126,2026-06-22,M-012,Emergency,25.2,150.8,1
MT-000127,2026-01-03,M-009,Preventive,79.1,378.39,0
MT-000128,2026-04-18,M-006,Corrective,138.1,809.75,1
MT-000129,2026-05-23,M-001,Preventive,32.1,316.28,0
MT-000130,2026-02-20,M-012,Preventive,64.1,526.99,0
MT-000131,2026-06-04,M-006,Preventive,29.7,170.65,0
MT-000132,2026-04-23,M-007,Emergency,143.7,874.57,1
MT-000133,2026-03-23,M-008,Corrective,20.8,173.12,1
MT-000134,2026-04-12,M-012,Corrective,35.0,348.8,1
MT-000135,2026-06-04,M-007,Emergency,110.8,890.41,1
MT-000136,2026-04-06,M-001,Emergency,137.1,663.7,1
MT-000137,2026-03-18,M-005,Preventive,56.8,407.85,0
MT-000138,2026-02-28,M-006,Corrective,27.6,143.53,1
MT-000139,2026-03-18,M-010,Corrective,62.7,376.09,1
MT-000140,2026-05-03,M-007,Emergency,299.4,2556.52,1
MT-000141,2026-05-18,M-006,Preventive,15.0,119.32,0
MT-000142,2026-03-27,M-010,Preventive,22.8,221.1,0
MT-000143,2026-03-21,M-004,Preventive,61.0,258.26,0
MT-000144,2026-03-08,M-005,Corrective,83.1,642.14,1
MT-000145,2026-01-13,M-006,Preventive,44.9,394.72,0
MT-000146,2026-05-11,M-006,Preventive,57.5,304.02,0
MT-000147,2026-02-25,M-006,Preventive,19.6,145.47,0
MT-000148,2026-02-10,M-002,Preventive,105.2,643.06,0
MT-000149,2026-06-21,M-006,Preventive,76.1,724.87,0
MT-000150,2026-03-12,M-011,Preventive,122.6,1083.33,0
MT-000151,2026-06-27,M-008,Emergency,106.3,798.27,1
MT-000152,2026-01-17,M-004,Corrective,100.5,510.18,1
MT-000153,2026-04-22,M-004,Preventive,24.5,140.17,0
MT-000154,2026-03-16,M-004,Corrective,41.0,181.13,1
MT-000155,2026-06-09,M-002,Corrective,19.8,157.5,1
MT-000156,2026-06-27,M-008,Corrective,126.6,1244.19,1
MT-000157,2026-02-14,M-007,Preventive,70.3,411.39,0
MT-000158,2026-01-05,M-003,Preventive,71.3,447.7,0
MT-000159,2026-04-17,M-010,Preventive,61.1,363.14,0
MT-000160,2026-03-29,M-007,Corrective,58.7,314.48,1
MT-000161,2026-01-03,M-010,Emergency,48.6,299.37,1
MT-000162,2026-05-08,M-010,Preventive,26.3,158.46,0
MT-000163,2026-04-19,M-003,Preventive,35.6,297.42,0
MT-000164,2026-01-28,M-011,Preventive,51.7,215.77,0
MT-000165,2026-01-30,M-012,Preventive,15.0,104.07,0
MT-000166,2026-06-09,M-006,Preventive,67.9,323.24,0
MT-000167,2026-05-08,M-009,Corrective,140.4,990.12,1
MT-000168,2026-06-16,M-001,Emergency,300.0,2148.96,1
MT-000169,2026-03-25,M-001,Preventive,51.8,457.6,0
MT-000170,2026-02-03,M-002,Corrective,41.1,389.42,1
MT-000171,2026-03-19,M-012,Preventive,34.6,281.18,0
MT-000172,2026-01-27,M-006,Preventive,57.1,396.82,0
MT-000173,2026-02-19,M-008,Preventive,104.9,1019.07,0
MT-000174,2026-06-03,M-001,Corrective,51.5,398.05,1
MT-000175,2026-01-02,M-002,Corrective,94.6,728.9,1
MT-000176,2026-03-02,M-004,Preventive,24.0,184.51,0
MT-000177,2026-02-03,M-001,Emergency,140.8,1003.24,1
MT-000178,2026-01-31,M-007,Preventive,52.0,512.52,0
MT-000179,2026-05-17,M-008,Preventive,39.7,159.21,0
MT-000180,2026-06-29,M-004,Corrective,49.2,417.42,1
MT-000181,2026-05-19,M-002,Preventive,55.1,253.68,0
MT-000182,2026-02-28,M-008,Corrective,38.9,341.23,1
MT-000183,2026-06-02,M-003,Corrective,70.0,283.6,1
MT-000184,2026-05-11,M-003,Corrective,31.5,151.01,1
MT-000185,2026-01-12,M-003,Preventive,15.0,72.46,0
MT-000186,2026-03-22,M-006,Preventive,43.1,352.4,0
MT-000187,2026-05-25,M-011,Preventive,66.6,391.98,0
MT-000188,2026-04-04,M-010,Preventive,39.2,211.51,0
MT-000189,2026-06-29,M-011,Preventive,118.7,887.08,0
MT-000190,2026-02-13,M-008,Emergency,132.6,547.52,1
MT-000191,2026-06-04,M-007,Emergency,39.7,365.08,1
MT-000192,2026-02-06,M-011,Preventive,76.6,492.98,0
MT-000193,2026-03-10,M-003,Emergency,83.1,813.17,1
MT-000194,2026-03-29,M-009,Emergency,42.3,341.11,1
MT-000195,2026-01-10,M-007,Preventive,15.0,125.78,0
MT-000196,2026-03-03,M-004,Corrective,77.4,645.08,1
MT-000197,2026-01-06,M-008,Corrective,166.8,1059.48,1
MT-000198,2026-04-23,M-003,Corrective,71.5,589.33,1
MT-000199,2026-06-26,M-003,Corrective,29.5,179.31,1
MT-000200,2026-01-02,M-003,Preventive,15.0,98.77,0
MT-000201,2026-03-25,M-012,Corrective,30.4,221.94,1
MT-000202,2026-03-23,M-012,Emergency,72.3,295.09,1
MT-000203,2026-04-18,M-012,Corrective,53.5,496.33,1
MT-000204,2026-06-27,M-012,Preventive,118.1,536.4,0
MT-000205,2026-06-28,M-009,Emergency,77.6,635.58,1
MT-000206,2026-06-23,M-004,Preventive,15.0,81.4,0
MT-000207,2026-03-21,M-011,Preventive,16.1,108.46,0
MT-000208,2026-04-29,M-006,Preventive,84.8,680.8,0
MT-000209,2026-05-21,M-001,Preventive,86.3,855.84,0
MT-000210,2026-03-18,M-005,Preventive,53.4,526.11,0
MT-000211,2026-06-29,M-004,Corrective,18.8,120.12,1
MT-000212,2026-06-26,M-008,Preventive,55.9,225.61,0
MT-000213,2026-02-26,M-004,Emergency,102.1,719.56,1
MT-000214,2026-06-24,M-001,Corrective,160.5,1329.32,1
MT-000215,2026-04-20,M-011,Emergency,150.2,1496.19,1
MT-000216,2026-02-17,M-011,Emergency,71.8,328.55,1
MT-000217,2026-01-09,M-002,Corrective,40.4,304.57,1
MT-000218,2026-02-19,M-003,Preventive,57.3,472.33,0
MT-000219,2026-02-25,M-007,Preventive,139.8,990.6,0
MT-000220,2026-06-30,M-002,Preventive,15.0,109.47,0
MT-000221,2026-05-08,M-008,Preventive,15.0,103.85,0
MT-000222,2026-05-22,M-009,Preventive,101.2,999.33,0
MT-000223,2026-05-22,M-007,Corrective,179.9,1085.52,1
MT-000224,2026-05-10,M-001,Corrective,95.2,485.53,1
MT-000225,2026-04-08,M-012,Preventive,23.3,173.91,0
MT-000226,2026-05-20,M-007,Emergency,143.9,871.7,1
MT-000227,2026-04-24,M-006,Preventive,58.0,435.24,0
MT-000228,2026-05-04,M-005,Preventive,15.0,133.07,0
MT-000229,2026-06-18,M-003,Corrective,49.2,200.85,1
MT-000230,2026-05-24,M-003,Preventive,15.0,60.44,0
MT-000231,2026-04-19,M-009,Preventive,47.5,284.62,0
MT-000232,2026-05-13,M-010,Corrective,62.3,395.79,1
MT-000233,2026-04-07,M-004,Emergency,112.4,755.78,1
MT-000234,2026-04-16,M-007,Corrective,171.4,870.56,1
MT-000235,2026-02-10,M-009,Preventive,68.1,562.54,0
MT-000236,2026-04-01,M-008,Preventive,88.4,441.54,0
MT-000237,2026-06-26,M-012,Corrective,36.4,304.42,1
MT-000238,2026-01-06,M-003,Preventive,70.3,357.24,0
MT-000239,2026-06-02,M-001,Corrective,86.3,771.3,1
MT-000240,2026-03-06,M-003,Preventive,20.1,148.56,0
MT-000241,2026-05-02,M-010,Preventive,27.9,198.91,0
MT-000242,2026-06-03,M-002,Corrective,113.6,615.92,1
MT-000243,2026-03-30,M-011,Preventive,31.9,196.17,0
MT-000244,2026-05-23,M-005,Preventive,125.9,1151.21,0
MT-000245,2026-04-15,M-009,Emergency,95.4,800.13,1
MT-000246,2026-03-05,M-012,Emergency,124.2,681.85,1
MT-000247,2026-06-16,M-004,Preventive,67.2,518.03,0
MT-000248,2026-06-04,M-011,Emergency,147.7,1037.84,1
MT-000249,2026-02-05,M-009,Corrective,125.7,796.14,1
MT-000250,2026-05-26,M-005,Preventive,72.8,503.56,0
MT-000251,2026-02-01,M-008,Preventive,58.1,356.87,0
MT-000252,2026-03-10,M-009,Corrective,71.7,702.63,1
MT-000253,2026-03-13,M-003,Corrective,116.4,687.86,1
MT-000254,2026-03-13,M-008,Preventive,15.4,139.6,0
MT-000255,2026-03-12,M-005,Corrective,180.9,1720.49,1
MT-000256,2026-06-11,M-008,Preventive,100.9,447.18,0
MT-000257,2026-01-20,M-010,Corrective,62.3,443.07,1
MT-000258,2026-03-05,M-008,Preventive,15.0,87.58,0
MT-000259,2026-01-25,M-007,Corrective,31.3,276.48,1
MT-000260,2026-02-13,M-004,Preventive,66.5,500.11,0
MT-000261,2026-05-27,M-008,Corrective,30.5,257.98,1
MT-000262,2026-01-28,M-006,Preventive,29.7,138.76,0
MT-000263,2026-03-07,M-008,Preventive,72.8,613.46,0
MT-000264,2026-04-03,M-003,Corrective,99.9,582.2,1
MT-000265,2026-03-08,M-008,Corrective,61.7,354.2,1
MT-000266,2026-03-15,M-012,Preventive,41.5,406.52,0
MT-000267,2026-05-01,M-004,Corrective,86.6,471.3,1
MT-000268,2026-06-10,M-004,Corrective,70.3,325.21,1
MT-000269,2026-01-26,M-005,Corrective,157.4,1230.37,1
MT-000270,2026-06-19,M-007,Emergency,88.0,823.87,1
MT-000271,2026-05-21,M-006,Corrective,20.8,201.66,1
MT-000272,2026-06-13,M-008,Preventive,91.8,600.14,0
MT-000273,2026-02-01,M-003,Corrective,28.6,202.89,1
MT-000274,2026-03-19,M-006,Preventive,23.6,166.62,0
MT-000275,2026-03-02,M-011,Preventive,53.9,270.98,0
MT-000276,2026-01-03,M-001,Corrective,39.5,173.02,1
MT-000277,2026-03-21,M-008,Preventive,24.6,192.22,0
MT-000278,2026-02-06,M-003,Preventive,74.0,453.93,0
MT-000279,2026-01-27,M-011,Corrective,52.2,403.76,1
MT-000280,2026-03-12,M-011,Corrective,178.1,994.52,1
MT-000281,2026-06-29,M-009,Corrective,161.4,1102.51,1
MT-000282,2026-01-16,M-009,Preventive,85.6,760.39,0
MT-000283,2026-05-21,M-008,Preventive,100.4,827.15,0
MT-000284,2026-02-22,M-011,Preventive,138.1,607.37,0
MT-000285,2026-04-14,M-005,Preventive,15.3,148.02,0
MT-000286,2026-05-21,M-002,Corrective,20.3,165.59,1
MT-000287,2026-02-06,M-006,Corrective,15.0,104.71,1
MT-000288,2026-04-19,M-005,Preventive,85.7,811.72,0
MT-000289,2026-02-08,M-005,Corrective,52.5,400.88,1
MT-000290,2026-01-22,M-012,Corrective,15.0,144.59,1
MT-000291,2026-03-03,M-005,Corrective,15.0,139.13,1
MT-000292,2026-02-21,M-007,Preventive,59.7,474.71,0
MT-000293,2026-02-08,M-004,Corrective,118.5,1056.31,1
MT-000294,2026-05-10,M-010,Emergency,15.0,105.87,1
MT-000295,2026-03-26,M-003,Preventive,36.3,268.24,0
MT-000296,2026-05-08,M-009,Preventive,54.5,353.88,0
MT-000297,2026-04-28,M-002,Corrective,33.6,194.73,1
MT-000298,2026-01-14,M-008,Emergency,16.1,135.73,1
MT-000299,2026-03-21,M-006,Emergency,98.0,763.04,1
MT-000300,2026-06-06,M-012,Corrective,36.6,250.1,1
MT-000301,2026-02-03,M-008,Corrective,110.9,567.64,1
MT-000302,2026-04-10,M-003,Preventive,107.7,538.6,0
MT-000303,2026-04-25,M-005,Corrective,47.1,398.21,1
MT-000304,2026-03-26,M-005,Emergency,39.7,344.39,1
MT-000305,2026-06-19,M-003,Preventive,15.0,138.01,0
MT-000306,2026-03-23,M-010,Preventive,77.9,612.89,0
MT-000307,2026-02-04,M-011,Preventive,83.1,349.13,0
MT-000308,2026-01-28,M-006,Preventive,40.7,236.22,0
MT-000309,2026-01-30,M-007,Preventive,15.0,86.66,0
MT-000310,2026-01-05,M-009,Emergency,155.9,1000.04,1
MT-000311,2026-04-23,M-009,Preventive,30.0,184.63,0
MT-000312,2026-04-12,M-001,Emergency,23.7,140.31,1
MT-000313,2026-01-20,M-012,Preventive,65.0,589.11,0
MT-000314,2026-04-12,M-001,Preventive,128.7,882.45,0
MT-000315,2026-04-05,M-004,Preventive,21.2,169.55,0
MT-000316,2026-01-18,M-009,Corrective,47.2,312.61,1
MT-000317,2026-01-06,M-010,Preventive,26.2,114.23,0
MT-000318,2026-02-04,M-008,Corrective,110.9,1065.41,1
MT-000319,2026-05-31,M-007,Preventive,15.0,142.16,0
MT-000320,2026-06-29,M-008,Preventive,35.8,180.24,0
MT-000321,2026-01-20,M-007,Preventive,54.5,374.09,0
MT-000322,2026-03-10,M-009,Preventive,21.1,97.96,0
MT-000323,2026-05-28,M-005,Preventive,41.9,288.27,0
MT-000324,2026-04-10,M-008,Emergency,106.6,839.19,1
MT-000325,2026-06-24,M-012,Preventive,29.0,133.65,0
MT-000326,2026-06-22,M-001,Preventive,66.7,565.78,0
MT-000327,2026-04-11,M-012,Preventive,22.0,202.84,0
MT-000328,2026-05-29,M-006,Corrective,32.1,159.61,1
MT-000329,2026-05-22,M-010,Preventive,35.2,346.86,0
MT-000330,2026-02-26,M-004,Preventive,15.0,116.82,0
MT-000331,2026-04-29,M-007,Corrective,121.7,1201.39,1
MT-000332,2026-05-12,M-005,Preventive,163.7,994.01,0
MT-000333,2026-05-27,M-007,Corrective,36.6,336.9,1
MT-000334,2026-04-22,M-006,Corrective,44.5,318.89,1
MT-000335,2026-03-03,M-007,Preventive,165.9,1507.02,0
MT-000336,2026-04-27,M-003,Preventive,49.5,304.61,0
MT-000337,2026-01-29,M-005,Preventive,29.9,295.0,0
MT-000338,2026-01-23,M-008,Preventive,23.0,147.44,0
MT-000339,2026-06-30,M-002,Preventive,71.2,566.86,0
MT-000340,2026-02-21,M-007,Preventive,25.5,184.18,0
MT-000341,2026-03-06,M-010,Corrective,261.5,1134.36,1
MT-000342,2026-06-03,M-006,Preventive,27.6,177.77,0
MT-000343,2026-06-15,M-003,Preventive,66.9,391.11,0
MT-000344,2026-04-13,M-010,Corrective,75.1,564.49,1
MT-000345,2026-02-23,M-008,Preventive,86.9,530.62,0
MT-000346,2026-01-07,M-001,Corrective,217.2,956.31,1
MT-000347,2026-06-01,M-011,Corrective,53.0,339.93,1
MT-000348,2026-04-29,M-010,Corrective,105.9,505.69,1
MT-000349,2026-04-27,M-007,Preventive,52.3,455.94,0
MT-000350,2026-02-17,M-008,Corrective,211.5,1609.76,1
MT-000351,2026-02-16,M-007,Preventive,64.8,382.79,0
MT-000352,2026-01-23,M-010,Preventive,15.0,65.58,0
MT-000353,2026-05-02,M-007,Preventive,20.3,185.84,0
MT-000354,2026-03-09,M-012,Corrective,48.1,320.82,1
MT-000355,2026-02-20,M-010,Emergency,32.2,243.55,1
MT-000356,2026-01-18,M-003,Preventive,43.6,210.73,0
MT-000357,2026-01-19,M-007,Preventive,25.9,179.21,0
MT-000358,2026-06-16,M-012,Corrective,15.0,68.16,1
MT-000359,2026-06-15,M-001,Corrective,15.0,136.72,1
MT-000360,2026-04-20,M-003,Corrective,117.1,1123.0,1
MT-000361,2026-04-01,M-006,Preventive,41.6,332.55,0
MT-000362,2026-02-09,M-008,Corrective,54.0,482.54,1
MT-000363,2026-02-04,M-012,Preventive,132.9,551.12,0
MT-000364,2026-04-05,M-008,Preventive,36.4,287.51,0
MT-000365,2026-04-13,M-007,Preventive,20.8,179.15,0
MT-000366,2026-05-03,M-009,Corrective,83.1,338.45,1
MT-000367,2026-02-03,M-007,Corrective,64.3,585.49,1
MT-000368,2026-04-22,M-008,Corrective,41.6,330.38,1
MT-000369,2026-03-03,M-004,Preventive,23.5,207.23,0
MT-000370,2026-03-17,M-004,Corrective,34.4,206.96,1
MT-000371,2026-05-03,M-006,Preventive,53.3,448.92,0
MT-000372,2026-03-24,M-004,Corrective,108.5,509.69,1
MT-000373,2026-03-15,M-011,Preventive,97.0,770.44,0
MT-000374,2026-05-24,M-009,Corrective,99.6,917.57,1
MT-000375,2026-05-16,M-006,Preventive,88.0,501.55,0
MT-000376,2026-04-26,M-010,Preventive,80.3,372.01,0
MT-000377,2026-02-03,M-003,Corrective,172.2,1529.36,1
MT-000378,2026-04-23,M-009,Preventive,92.9,407.91,0
MT-000379,2026-01-30,M-011,Preventive,131.1,1267.91,0
MT-000380,2026-02-19,M-010,Corrective,56.9,473.03,1
MT-000381,2026-06-18,M-008,Corrective,57.4,313.83,1
MT-000382,2026-02-11,M-003,Corrective,70.1,513.35,1
MT-000383,2026-02-03,M-002,Corrective,48.4,366.82,1
MT-000384,2026-02-26,M-012,Emergency,102.3,1002.39,1
MT-000385,2026-04-24,M-001,Preventive,42.4,259.62,0
MT-000386,2026-06-02,M-005,Corrective,255.9,1051.73,1
MT-000387,2026-02-02,M-011,Corrective,61.2,318.36,1
MT-000388,2026-06-21,M-012,Preventive,19.3,106.46,0
MT-000389,2026-06-26,M-004,Preventive,17.8,113.85,0
MT-000390,2026-01-08,M-008,Preventive,47.1,320.38,0
MT-000391,2026-04-20,M-001,Corrective,117.6,948.08,1
MT-000392,2026-03-29,M-002,Corrective,65.8,348.53,1
MT-000393,2026-06-27,M-009,Corrective,186.4,1222.65,1
MT-000394,2026-04-06,M-006,Corrective,120.2,636.96,1
MT-000395,2026-03-07,M-003,Preventive,93.7,592.67,0
MT-000396,2026-04-26,M-003,Corrective,52.6,344.09,1
MT-000397,2026-03-16,M-002,Corrective,27.3,215.03,1
MT-000398,2026-03-07,M-005,Emergency,134.0,1192.73,1
MT-000399,2026-03-14,M-005,Preventive,16.6,69.42,0
MT-000400,2026-02-16,M-001,Corrective,119.0,1158.6,1
MT-000401,2026-01-25,M-010,Preventive,23.7,236.33,0
MT-000402,2026-04-01,M-005,Preventive,21.7,194.45,0
MT-000403,2026-06-07,M-006,Emergency,19.9,163.92,1
MT-000404,2026-04-25,M-002,Corrective,119.7,994.63,1
MT-000405,2026-04-06,M-005,Preventive,54.1,383.49,0
MT-000406,2026-04-10,M-008,Preventive,15.0,133.52,0
MT-000407,2026-05-28,M-008,Preventive,35.7,211.22,0
MT-000408,2026-03-05,M-012,Preventive,28.3,129.87,0
MT-000409,2026-02-21,M-004,Preventive,50.2,365.87,0
MT-000410,2026-03-29,M-007,Preventive,35.2,311.66,0
MT-000411,2026-06-22,M-003,Preventive,22.9,132.11,0
MT-000412,2026-02-16,M-011,Corrective,60.4,524.66,1
MT-000413,2026-03-02,M-006,Emergency,52.9,487.69,1
MT-000414,2026-04-22,M-004,Corrective,114.0,917.98,1
MT-000415,2026-03-27,M-008,Preventive,24.5,127.25,0
MT-000416,2026-06-17,M-004,Corrective,17.9,159.8,1
MT-000417,2026-05-13,M-003,Preventive,23.3,158.97,0
MT-000418,2026-06-09,M-007,Preventive,27.0,198.61,0
MT-000419,2026-06-26,M-001,Corrective,119.3,911.68,1
MT-000420,2026-03-06,M-011,Corrective,112.7,906.39,1
MT-000421,2026-02-19,M-002,Preventive,17.4,119.63,0
MT-000422,2026-02-16,M-003,Corrective,149.8,1140.29,1
MT-000423,2026-01-07,M-003,Corrective,15.0,67.46,1
MT-000424,2026-06-07,M-008,Preventive,45.2,198.23,0
MT-000425,2026-01-24,M-008,Corrective,159.3,1556.58,1
MT-000426,2026-06-18,M-011,Corrective,165.3,1261.04,1
MT-000427,2026-02-07,M-011,Preventive,24.6,173.8,0
MT-000428,2026-06-02,M-010,Preventive,30.8,267.97,0
MT-000429,2026-04-15,M-010,Preventive,22.0,114.87,0
MT-000430,2026-04-03,M-005,Preventive,72.5,492.83,0
MT-000431,2026-04-22,M-001,Preventive,31.1,255.08,0
MT-000432,2026-04-15,M-004,Preventive,15.9,96.82,0
MT-000433,2026-04-26,M-009,Corrective,75.4,395.95,1
MT-000434,2026-05-05,M-004,Corrective,92.6,907.67,1
MT-000435,2026-06-29,M-009,Preventive,59.9,547.24,0
MT-000436,2026-01-21,M-008,Corrective,85.6,773.13,1
MT-000437,2026-03-03,M-001,Preventive,34.5,240.61,0
MT-000438,2026-03-10,M-008,Emergency,99.8,976.08,1
MT-000439,2026-03-30,M-001,Corrective,68.8,636.63,1
MT-000440,2026-02-01,M-009,Preventive,15.0,118.15,0
MT-000441,2026-02-23,M-012,Corrective,132.3,780.94,1
MT-000442,2026-03-27,M-001,Corrective,120.6,787.19,1
MT-000443,2026-05-04,M-009,Preventive,118.2,620.32,0
MT-000444,2026-02-10,M-003,Corrective,94.4,844.67,1
MT-000445,2026-03-24,M-001,Corrective,80.4,626.04,1
MT-000446,2026-03-12,M-004,Preventive,37.3,164.4,0
MT-000447,2026-04-13,M-008,Preventive,23.6,121.6,0
MT-000448,2026-06-29,M-006,Corrective,15.9,69.62,1
MT-000449,2026-01-31,M-010,Corrective,94.9,592.97,1
MT-000450,2026-02-09,M-002,Preventive,88.7,834.93,0
MT-000451,2026-05-06,M-008,Corrective,104.2,773.46,1
MT-000452,2026-02-14,M-010,Preventive,18.9,156.61,0
MT-000453,2026-06-04,M-001,Corrective,71.3,577.68,1
MT-000454,2026-06-03,M-008,Preventive,54.6,333.14,0
MT-000455,2026-06-30,M-005,Preventive,35.5,208.95,0
MT-000456,2026-03-10,M-005,Corrective,15.0,108.05,1
MT-000457,2026-05-29,M-002,Preventive,15.0,105.16,0
MT-000458,2026-05-12,M-004,Corrective,92.6,589.37,1
MT-000459,2026-01-27,M-011,Corrective,97.4,615.62,1
MT-000460,2026-02-12,M-006,Corrective,24.7,154.86,1
MT-000461,2026-02-28,M-006,Preventive,136.2,1115.86,0
MT-000462,2026-01-14,M-007,Emergency,17.9,103.3,1
MT-000463,2026-05-12,M-012,Corrective,71.6,630.84,1
MT-000464,2026-05-14,M-004,Preventive,64.4,606.19,0
MT-000465,2026-04-26,M-007,Preventive,43.2,196.8,0
MT-000466,2026-05-29,M-012,Preventive,45.9,355.62,0
MT-000467,2026-04-27,M-005,Corrective,146.2,763.47,1
MT-000468,2026-01-27,M-005,Preventive,15.0,66.65,0
MT-000469,2026-05-31,M-001,Preventive,34.5,314.44,0
MT-000470,2026-04-12,M-005,Preventive,68.4,632.36,0
MT-000471,2026-04-07,M-005,Preventive,33.9,136.48,0
MT-000472,2026-02-28,M-005,Preventive,62.6,490.17,0
MT-000473,2026-06-24,M-007,Corrective,72.3,320.66,1
MT-000474,2026-01-07,M-005,Emergency,88.7,650.65,1
MT-000475,2026-01-20,M-005,Preventive,59.7,305.74,0
MT-000476,2026-05-18,M-004,Preventive,65.9,352.96,0
MT-000477,2026-05-13,M-004,Emergency,131.9,708.51,1
MT-000478,2026-05-31,M-001,Corrective,174.1,1730.58,1
MT-000479,2026-01-23,M-009,Preventive,65.2,542.24,0
MT-000480,2026-05-02,M-009,Corrective,41.3,212.63,1
MT-000481,2026-01-25,M-012,Corrective,93.5,451.17,1
MT-000482,2026-01-18,M-010,Emergency,74.9,691.95,1
MT-000483,2026-01-10,M-009,Preventive,43.9,345.19,0
MT-000484,2026-06-26,M-007,Corrective,148.8,914.42,1
MT-000485,2026-01-01,M-002,Preventive,57.8,275.75,0
MT-000486,2026-04-18,M-009,Preventive,52.2,481.9,0
MT-000487,2026-05-23,M-001,Emergency,39.0,288.45,1
MT-000488,2026-06-17,M-010,Emergency,135.8,909.58,1
MT-000489,2026-02-16,M-007,Emergency,106.1,869.97,1
MT-000490,2026-06-30,M-006,Preventive,63.3,391.68,0
MT-000491,2026-01-20,M-004,Corrective,82.0,743.05,1
MT-000492,2026-06-24,M-008,Preventive,44.1,412.91,0
MT-000493,2026-01-30,M-011,Preventive,78.4,381.83,0
MT-000494,2026-04-20,M-010,Emergency,87.7,790.57,1
MT-000495,2026-01-20,M-005,Emergency,183.3,1050.89,1
MT-000496,2026-02-10,M-002,Preventive,29.7,169.82,0
MT-000497,2026-06-28,M-009,Preventive,21.4,91.74,0
MT-000498,2026-03-24,M-006,Preventive,95.9,490.58,0
MT-000499,2026-03-17,M-010,Corrective,80.0,764.28,1
MT-000500,2026-04-11,M-002,Preventive,15.0,110.41,0
MT-000501,2026-01-15,M-006,Corrective,76.3,629.68,1
MT-000502,2026-04-19,M-004,Preventive,58.0,342.67,0
MT-000503,2026-01-28,M-002,Corrective,40.5,292.71,1
MT-000504,2026-05-27,M-008,Emergency,64.7,459.56,1
MT-000505,2026-05-03,M-004,Corrective,130.7,790.03,1
MT-000506,2026-05-18,M-005,Preventive,67.4,468.4,0
MT-000507,2026-03-14,M-004,Preventive,154.8,707.18,0
MT-000508,2026-01-05,M-007,Corrective,32.6,169.68,1
MT-000509,2026-03-27,M-007,Corrective,153.2,1518.23,1
MT-000510,2026-01-20,M-010,Corrective,76.0,732.61,1
MT-000511,2026-02-21,M-001,Emergency,104.2,724.44,1
MT-000512,2026-06-24,M-007,Preventive,34.6,326.02,0
MT-000513,2026-01-15,M-010,Emergency,55.7,459.73,1
MT-000514,2026-01-25,M-002,Corrective,56.8,485.4,1
MT-000515,2026-05-17,M-008,Corrective,112.4,1080.22,1
MT-000516,2026-05-06,M-007,Emergency,46.9,375.62,1
MT-000517,2026-03-19,M-001,Preventive,15.6,88.46,0
MT-000518,2026-06-10,M-008,Corrective,110.5,761.42,1
MT-000519,2026-05-09,M-006,Corrective,70.9,361.36,1
MT-000520,2026-06-07,M-009,Corrective,105.2,459.5,1
MT-000521,2026-05-14,M-012,Corrective,38.6,212.56,1
MT-000522,2026-05-25,M-006,Emergency,136.6,1103.63,1
MT-000523,2026-02-28,M-004,Preventive,51.5,394.36,0
MT-000524,2026-01-12,M-011,Preventive,37.7,265.82,0
MT-000525,2026-02-13,M-002,Corrective,42.1,240.3,1
MT-000526,2026-02-25,M-001,Preventive,61.4,468.28,0
MT-000527,2026-01-08,M-008,Corrective,41.8,311.98,1
MT-000528,2026-05-19,M-006,Corrective,22.0,133.62,1
MT-000529,2026-06-24,M-001,Corrective,63.4,468.97,1
MT-000530,2026-06-18,M-006,Corrective,61.1,350.84,1
MT-000531,2026-04-13,M-001,Preventive,107.5,916.24,0
MT-000532,2026-06-15,M-004,Corrective,42.9,259.07,1
MT-000533,2026-06-16,M-011,Emergency,52.1,439.66,1
MT-000534,2026-05-19,M-010,Preventive,50.6,328.68,0
MT-000535,2026-06-29,M-002,Corrective,111.8,686.19,1
MT-000536,2026-01-04,M-003,Corrective,45.0,303.21,1
MT-000537,2026-02-07,M-004,Emergency,21.9,218.47,1
MT-000538,2026-04-07,M-012,Corrective,32.2,251.44,1
MT-000539,2026-03-31,M-007,Corrective,32.8,230.53,1
MT-000540,2026-04-17,M-011,Corrective,66.4,537.41,1
MT-000541,2026-02-05,M-006,Corrective,72.1,687.03,1
MT-000542,2026-03-04,M-007,Corrective,73.8,416.07,1
MT-000543,2026-03-09,M-006,Corrective,47.9,290.94,1
MT-000544,2026-04-15,M-008,Preventive,29.2,176.97,0
MT-000545,2026-02-06,M-003,Emergency,277.9,2331.42,1
MT-000546,2026-02-12,M-003,Emergency,151.9,1213.25,1
MT-000547,2026-05-08,M-001,Preventive,51.3,410.39,0
MT-000548,2026-03-30,M-010,Corrective,147.9,615.38,1
MT-000549,2026-05-19,M-008,Preventive,65.0,261.21,0
MT-000550,2026-06-08,M-011,Corrective,41.7,299.09,1
MT-000551,2026-06-03,M-005,Corrective,112.9,1111.29,1
MT-000552,2026-04-14,M-012,Preventive,78.9,625.95,0
MT-000553,2026-04-21,M-009,Corrective,62.1,274.98,1
MT-000554,2026-04-30,M-011,Preventive,15.0,72.27,0
MT-000555,2026-03-30,M-004,Preventive,46.6,278.74,0
MT-000556,2026-03-27,M-003,Emergency,77.7,484.85,1
MT-000557,2026-03-10,M-004,Preventive,67.4,652.11,0
MT-000558,2026-04-23,M-008,Corrective,90.6,402.73,1
MT-000559,2026-01-06,M-004,Preventive,64.1,396.6,0
MT-000560,2026-03-15,M-012,Corrective,69.9,384.77,1
MT-000561,2026-01-23,M-003,Preventive,30.1,122.64,0
MT-000562,2026-03-10,M-002,Preventive,34.3,323.67,0
MT-000563,2026-06-30,M-012,Preventive,16.6,89.27,0
MT-000564,2026-04-15,M-009,Preventive,36.0,190.64,0
MT-000565,2026-01-06,M-007,Corrective,50.1,458.49,1
MT-000566,2026-01-22,M-001,Corrective,73.5,597.01,1
MT-000567,2026-03-17,M-012,Preventive,15.0,66.35,0
MT-000568,2026-06-21,M-009,Corrective,130.8,525.28,1
MT-000569,2026-03-29,M-004,Emergency,66.1,397.18,1
MT-000570,2026-03-12,M-004,Preventive,22.4,210.17,0
MT-000571,2026-05-07,M-007,Corrective,95.6,421.94,1
MT-000572,2026-02-06,M-007,Preventive,48.2,373.1,0
MT-000573,2026-02-06,M-003,Preventive,28.9,217.11,0
MT-000574,2026-02-20,M-003,Preventive,15.0,115.15,0
MT-000575,2026-01-31,M-011,Corrective,60.9,558.18,1
MT-000576,2026-03-20,M-012,Preventive,15.0,107.24,0
MT-000577,2026-01-31,M-004,Emergency,135.5,1097.69,1
MT-000578,2026-05-11,M-001,Preventive,22.3,141.35,0
MT-000579,2026-01-19,M-012,Corrective,15.0,91.27,1
MT-000580,2026-04-27,M-007,Emergency,15.0,93.69,1
MT-000581,2026-05-23,M-002,Preventive,86.6,390.52,0
MT-000582,2026-05-06,M-009,Preventive,15.0,102.59,0
MT-000583,2026-04-17,M-005,Preventive,35.0,323.23,0
MT-000584,2026-06-21,M-005,Preventive,15.0,73.03,0
MT-000585,2026-04-16,M-008,Corrective,27.7,218.07,1
MT-000586,2026-03-09,M-005,Emergency,69.9,653.4,1
MT-000587,2026-01-02,M-006,Preventive,35.1,192.69,0
MT-000588,2026-03-26,M-011,Corrective,44.2,294.12,1
MT-000589,2026-05-15,M-008,Preventive,135.0,1316.49,0
MT-000590,2026-06-09,M-006,Preventive,48.4,222.26,0
MT-000591,2026-02-02,M-010,Corrective,80.3,772.8,1
MT-000592,2026-04-12,M-003,Emergency,237.6,2026.36,1
MT-000593,2026-02-05,M-004,Emergency,159.5,715.66,1
MT-000594,2026-03-18,M-005,Preventive,15.0,129.87,0
MT-000595,2026-05-17,M-005,Preventive,78.7,730.37,0
MT-000596,2026-03-28,M-005,Emergency,25.6,240.56,1
MT-000597,2026-03-31,M-007,Corrective,90.2,698.69,1
MT-000598,2026-05-19,M-008,Corrective,15.0,89.72,1
MT-000599,2026-05-15,M-004,Corrective,96.2,557.56,1
MT-000600,2026-06-29,M-007,Emergency,76.2,601.13,1
MT-000601,2026-06-28,M-008,Emergency,191.8,1483.98,1
MT-000602,2026-03-08,M-004,Corrective,56.5,473.09,1
MT-000603,2026-02-25,M-012,Preventive,57.2,529.01,0
MT-000604,2026-02-04,M-004,Corrective,34.8,306.73,1
MT-000605,2026-01-02,M-008,Preventive,62.9,603.11,0
MT-000606,2026-04-18,M-009,Emergency,88.5,553.22,1
MT-000607,2026-04-09,M-002,Preventive,20.9,122.08,0
MT-000608,2026-04-16,M-004,Corrective,168.3,1134.48,1
MT-000609,2026-02-13,M-004,Emergency,36.5,351.58,1
MT-000610,2026-05-19,M-005,Preventive,35.5,302.74,0
MT-000611,2026-02-05,M-004,Corrective,35.5,218.82,1
MT-000612,2026-06-28,M-001,Corrective,49.2,448.51,1
MT-000613,2026-05-10,M-003,Preventive,15.0,101.06,0
MT-000614,2026-06-18,M-008,Corrective,17.4,166.74,1
MT-000615,2026-01-11,M-004,Corrective,50.3,269.53,1
MT-000616,2026-02-28,M-004,Preventive,58.1,528.63,0
MT-000617,2026-03-24,M-004,Corrective,186.5,998.84,1
MT-000618,2026-01-18,M-004,Corrective,58.4,304.74,1
MT-000619,2026-02-23,M-009,Preventive,133.8,616.34,0
MT-000620,2026-03-15,M-005,Preventive,48.0,300.5,0
MT-000621,2026-04-08,M-007,Preventive,59.9,460.03,0
MT-000622,2026-03-22,M-005,Preventive,49.8,397.96,0
MT-000623,2026-04-07,M-005,Emergency,42.7,331.46,1
MT-000624,2026-01-06,M-010,Preventive,19.8,124.46,0
MT-000625,2026-06-10,M-010,Corrective,33.4,291.68,1
MT-000626,2026-06-17,M-012,Emergency,25.4,235.79,1
MT-000627,2026-01-11,M-001,Emergency,146.5,753.09,1
MT-000628,2026-03-18,M-009,Corrective,164.3,1286.6,1
MT-000629,2026-04-06,M-007,Preventive,39.8,185.17,0
MT-000630,2026-02-19,M-009,Preventive,59.2,259.5,0
MT-000631,2026-05-21,M-005,Preventive,45.3,442.86,0
MT-000632,2026-05-01,M-006,Corrective,24.8,161.69,1
MT-000633,2026-02-02,M-003,Emergency,92.6,410.32,1
MT-000634,2026-05-26,M-009,Corrective,189.4,1757.07,1
MT-000635,2026-01-02,M-004,Emergency,180.9,1729.62,1
MT-000636,2026-06-30,M-012,Preventive,49.9,275.84,0
MT-000637,2026-04-13,M-009,Preventive,41.2,323.85,0
MT-000638,2026-04-14,M-006,Preventive,37.0,155.43,0
MT-000639,2026-03-07,M-009,Preventive,56.0,361.51,0
MT-000640,2026-05-14,M-004,Preventive,15.0,100.68,0
MT-000641,2026-02-12,M-009,Corrective,68.8,331.14,1
MT-000642,2026-06-19,M-003,Preventive,59.4,565.34,0
MT-000643,2026-04-23,M-001,Preventive,39.8,372.58,0
MT-000644,2026-04-16,M-007,Preventive,50.2,361.42,0
MT-000645,2026-01-31,M-006,Corrective,72.3,385.81,1
MT-000646,2026-01-21,M-004,Emergency,69.8,539.54,1
MT-000647,2026-02-09,M-008,Preventive,30.9,299.83,0
MT-000648,2026-04-12,M-011,Corrective,90.7,426.84,1
MT-000649,2026-05-22,M-001,Preventive,149.3,1249.12,0
MT-000650,2026-04-04,M-008,Emergency,129.0,1228.61,1
MT-000651,2026-03-18,M-010,Preventive,58.7,243.51,0
MT-000652,2026-02-09,M-007,Preventive,74.7,542.04,0
MT-000653,2026-01-08,M-011,Corrective,85.0,727.6,1
MT-000654,2026-03-23,M-001,Corrective,120.2,657.84,1
MT-000655,2026-01-18,M-004,Preventive,54.0,444.57,0
MT-000656,2026-04-24,M-011,Corrective,36.4,344.17,1
MT-000657,2026-03-07,M-008,Preventive,15.0,73.95,0
MT-000658,2026-01-11,M-011,Preventive,26.5,180.35,0
MT-000659,2026-02-07,M-005,Corrective,177.2,878.31,1
MT-000660,2026-05-19,M-006,Corrective,101.1,438.53,1
MT-000661,2026-01-31,M-010,Preventive,51.3,283.74,0
MT-000662,2026-03-05,M-011,Corrective,70.2,463.05,1
MT-000663,2026-05-03,M-002,Preventive,32.5,305.45,0
MT-000664,2026-02-12,M-003,Preventive,43.3,377.74,0
MT-000665,2026-01-21,M-010,Preventive,30.9,173.72,0
MT-000666,2026-06-25,M-002,Corrective,44.3,222.64,1
MT-000667,2026-01-02,M-010,Preventive,27.6,154.25,0
MT-000668,2026-02-10,M-012,Corrective,41.2,357.32,1
MT-000669,2026-05-08,M-006,Corrective,80.9,613.46,1
MT-000670,2026-03-11,M-010,Corrective,80.4,394.02,1
MT-000671,2026-03-23,M-008,Preventive,18.8,167.06,0
MT-000672,2026-03-30,M-002,Corrective,63.3,397.52,1
MT-000673,2026-04-20,M-002,Corrective,85.3,458.95,1
MT-000674,2026-01-03,M-004,Preventive,15.0,113.88,0
MT-000675,2026-04-01,M-012,Emergency,179.4,754.49,1
MT-000676,2026-03-08,M-003,Preventive,52.7,407.51,0
MT-000677,2026-04-06,M-008,Corrective,55.7,361.59,1
MT-000678,2026-06-06,M-011,Preventive,15.0,94.8,0
MT-000679,2026-02-21,M-002,Emergency,86.7,425.75,1
MT-000680,2026-05-19,M-006,Corrective,47.0,286.17,1
MT-000681,2026-03-09,M-009,Emergency,87.3,664.72,1
MT-000682,2026-03-06,M-007,Corrective,145.5,1113.35,1
MT-000683,2026-06-30,M-007,Preventive,34.5,157.59,0
MT-000684,2026-06-13,M-007,Preventive,50.4,216.62,0
MT-000685,2026-02-03,M-001,Preventive,16.4,79.76,0
MT-000686,2026-06-12,M-007,Preventive,114.2,818.59,0
MT-000687,2026-01-24,M-005,Corrective,44.7,303.88,1
MT-000688,2026-06-06,M-010,Corrective,17.9,152.83,1
MT-000689,2026-03-25,M-010,Preventive,31.5,275.86,0
MT-000690,2026-04-11,M-008,Preventive,15.0,61.5,0
MT-000691,2026-04-01,M-004,Corrective,89.0,707.86,1
MT-000692,2026-06-04,M-010,Emergency,61.0,274.76,1
MT-000693,2026-04-02,M-010,Preventive,32.9,322.49,0
MT-000694,2026-02-19,M-003,Preventive,64.8,621.34,0
MT-000695,2026-06-27,M-008,Emergency,77.2,705.02,1
MT-000696,2026-03-12,M-008,Emergency,25.9,211.79,1
MT-000697,2026-01-13,M-012,Corrective,109.8,1076.26,1
MT-000698,2026-02-01,M-006,Preventive,24.8,115.92,0
MT-000699,2026-01-25,M-002,Corrective,152.3,800.16,1
MT-000700,2026-04-30,M-004,Preventive,65.1,476.97,0
MT-000701,2026-01-16,M-003,Emergency,15.0,122.73,1
MT-000702,2026-05-29,M-012,Corrective,15.0,108.99,1
MT-000703,2026-02-20,M-006,Preventive,70.5,488.55,0
MT-000704,2026-01-12,M-003,Preventive,15.0,147.56,0
MT-000705,2026-06-17,M-001,Preventive,37.5,315.41,0
MT-000706,2026-02-25,M-011,Emergency,52.5,459.12,1
MT-000707,2026-05-04,M-002,Preventive,16.3,76.81,0
MT-000708,2026-05-09,M-003,Corrective,169.6,1513.26,1
MT-000709,2026-05-23,M-009,Preventive,81.4,470.63,0
MT-000710,2026-02-24,M-003,Emergency,108.5,933.09,1
MT-000711,2026-05-05,M-012,Preventive,25.3,144.58,0
MT-000712,2026-01-27,M-006,Preventive,28.4,158.48,0
MT-000713,2026-06-16,M-004,Preventive,35.9,239.46,0
MT-000714,2026-05-07,M-009,Corrective,26.3,193.5,1
MT-000715,2026-05-22,M-007,Corrective,86.4,714.02,1
MT-000716,2026-03-12,M-010,Corrective,48.9,223.98,1
MT-000717,2026-01-16,M-008,Corrective,55.3,294.19,1
MT-000718,2026-03-30,M-003,Corrective,144.3,970.7,1
MT-000719,2026-06-16,M-009,Corrective,89.3,655.68,1
MT-000720,2026-01-25,M-010,Corrective,61.6,346.05,1
MT-000721,2026-02-04,M-012,Corrective,81.9,731.89,1
MT-000722,2026-04-05,M-004,Corrective,71.9,631.54,1
MT-000723,2026-02-21,M-012,Preventive,33.3,282.53,0
MT-000724,2026-03-16,M-011,Emergency,139.4,616.89,1
MT-000725,2026-05-23,M-006,Preventive,142.4,1093.73,0
MT-000726,2026-05-31,M-012,Emergency,44.7,308.14,1
MT-000727,2026-04-27,M-003,Preventive,54.9,420.93,0
MT-000728,2026-06-03,M-007,Emergency,198.6,1527.42,1
MT-000729,2026-03-27,M-009,Preventive,15.0,66.73,0
MT-000730,2026-01-06,M-011,Preventive,50.3,488.91,0
MT-000731,2026-01-28,M-009,Preventive,16.3,156.43,0
MT-000732,2026-02-23,M-008,Corrective,20.1,138.25,1
MT-000733,2026-06-06,M-009,Corrective,111.8,881.32,1
MT-000734,2026-02-21,M-009,Preventive,42.8,192.69,0
MT-000735,2026-02-17,M-011,Corrective,102.3,427.61,1
MT-000736,2026-02-19,M-009,Preventive,73.1,574.87,0
MT-000737,2026-06-03,M-003,Corrective,183.2,1430.57,1
MT-000738,2026-06-10,M-007,Corrective,38.3,363.25,1
MT-000739,2026-05-25,M-005,Preventive,131.6,1115.65,0
MT-000740,2026-06-08,M-011,Emergency,119.6,631.98,1
MT-000741,2026-06-12,M-009,Preventive,40.9,216.71,0
MT-000742,2026-02-20,M-012,Preventive,32.6,273.42,0
MT-000743,2026-03-05,M-011,Emergency,110.0,484.86,1
MT-000744,2026-04-01,M-008,Emergency,39.1,247.51,1
MT-000745,2026-02-01,M-008,Corrective,18.2,79.25,1
MT-000746,2026-06-04,M-006,Emergency,120.8,679.14,1
MT-000747,2026-03-04,M-012,Preventive,37.7,279.87,0
MT-000748,2026-01-22,M-008,Corrective,228.6,1127.41,1
MT-000749,2026-06-03,M-010,Preventive,33.3,223.87,0
MT-000750,2026-03-06,M-007,Preventive,17.7,74.47,0
MT-000751,2026-06-26,M-011,Emergency,86.9,867.97,1
MT-000752,2026-05-29,M-010,Preventive,113.1,818.73,0
MT-000753,2026-01-24,M-009,Preventive,42.9,348.17,0
MT-000754,2026-01-30,M-008,Preventive,36.3,273.32,0
MT-000755,2026-03-23,M-010,Emergency,187.7,1313.69,1
MT-000756,2026-02-25,M-005,Corrective,78.9,652.37,1
MT-000757,2026-06-30,M-001,Emergency,200.1,1894.57,1
MT-000758,2026-01-27,M-010,Preventive,77.3,589.32,0
MT-000759,2026-02-03,M-010,Corrective,16.1,87.08,1
MT-000760,2026-03-14,M-002,Emergency,100.5,968.09,1
MT-000761,2026-03-06,M-008,Preventive,53.5,467.44,0
MT-000762,2026-01-06,M-001,Preventive,84.1,576.88,0
MT-000763,2026-05-10,M-006,Corrective,98.4,658.66,1
MT-000764,2026-04-11,M-003,Preventive,95.9,737.3,0
MT-000765,2026-03-04,M-012,Preventive,47.1,289.49,0
MT-000766,2026-06-09,M-008,Corrective,16.5,107.46,1
MT-000767,2026-03-27,M-003,Corrective,70.8,551.42,1
MT-000768,2026-02-25,M-012,Emergency,29.7,130.91,1
MT-000769,2026-03-29,M-007,Corrective,15.0,102.82,1
MT-000770,2026-02-23,M-006,Preventive,31.5,225.58,0
MT-000771,2026-06-13,M-010,Preventive,18.9,110.89,0
MT-000772,2026-03-26,M-002,Preventive,83.7,619.91,0
MT-000773,2026-06-03,M-008,Preventive,32.1,221.51,0
MT-000774,2026-04-18,M-001,Corrective,15.0,94.53,1
MT-000775,2026-02-11,M-009,Corrective,35.3,244.06,1
MT-000776,2026-06-05,M-006,Preventive,15.0,68.85,0
MT-000777,2026-01-25,M-006,Preventive,48.3,418.44,0
MT-000778,2026-05-21,M-005,Corrective,42.5,229.16,1
MT-000779,2026-04-09,M-002,Preventive,24.6,170.7,0
MT-000780,2026-04-22,M-010,Corrective,26.7,262.27,1
MT-000781,2026-01-19,M-012,Corrective,79.2,381.88,1
MT-000782,2026-03-28,M-010,Preventive,70.7,323.07,0
MT-000783,2026-03-25,M-012,Preventive,34.9,330.83,0
MT-000784,2026-05-15,M-003,Preventive,39.9,259.74,0
MT-000785,2026-01-30,M-005,Emergency,35.0,267.06,1
MT-000786,2026-03-07,M-010,Preventive,66.3,498.52,0
MT-000787,2026-02-20,M-010,Preventive,57.9,546.47,0
MT-000788,2026-06-12,M-001,Emergency,78.2,622.9,1
MT-000789,2026-05-17,M-001,Corrective,60.8,424.1,1
MT-000790,2026-02-20,M-008,Preventive,52.5,498.19,0
MT-000791,2026-05-11,M-002,Preventive,15.0,149.61,0
MT-000792,2026-02-26,M-010,Preventive,44.8,231.99,0
MT-000793,2026-01-05,M-009,Preventive,59.1,246.88,0
MT-000794,2026-02-23,M-009,Corrective,15.0,101.53,1
MT-000795,2026-04-18,M-010,Corrective,117.2,825.41,1
MT-000796,2026-05-22,M-005,Preventive,45.7,284.78,0
MT-000797,2026-04-19,M-008,Preventive,45.5,427.9,0
MT-000798,2026-06-28,M-001,Emergency,47.2,438.99,1
MT-000799,2026-06-20,M-012,Corrective,40.5,318.26,1
MT-000800,2026-02-16,M-009,Emergency,53.4,453.21,1
MT-000801,2026-04-25,M-006,Preventive,26.8,159.87,0
MT-000802,2026-02-22,M-003,Corrective,92.5,835.02,1
MT-000803,2026-02-05,M-002,Preventive,80.6,369.56,0
MT-000804,2026-01-05,M-007,Preventive,23.1,230.59,0
MT-000805,2026-06-16,M-007,Corrective,56.4,379.92,1
MT-000806,2026-05-20,M-009,Corrective,15.0,124.01,1
MT-000807,2026-01-25,M-010,Preventive,125.6,918.73,0
MT-000808,2026-05-12,M-003,Corrective,58.9,501.95,1
MT-000809,2026-04-14,M-007,Emergency,21.9,207.36,1
MT-000810,2026-02-28,M-008,Corrective,76.5,703.0,1
MT-000811,2026-03-09,M-005,Emergency,95.3,952.36,1
MT-000812,2026-04-22,M-012,Emergency,75.4,574.79,1
MT-000813,2026-04-04,M-003,Preventive,102.8,676.69,0
MT-000814,2026-06-28,M-001,Preventive,15.0,143.28,0
MT-000815,2026-03-17,M-003,Preventive,17.4,75.23,0
MT-000816,2026-02-25,M-012,Corrective,64.5,515.31,1
MT-000817,2026-01-27,M-008,Emergency,118.4,732.68,1
MT-000818,2026-03-29,M-010,Emergency,53.2,263.95,1
MT-000819,2026-02-27,M-003,Preventive,40.0,241.43,0
MT-000820,2026-01-11,M-002,Preventive,54.3,322.72,0
MT-000821,2026-06-08,M-012,Emergency,15.0,138.33,1
MT-000822,2026-04-13,M-005,Emergency,39.8,242.1,1
MT-000823,2026-02-26,M-009,Preventive,15.0,97.81,0
MT-000824,2026-04-08,M-009,Emergency,118.5,958.86,1
MT-000825,2026-01-12,M-007,Corrective,48.4,240.79,1
MT-000826,2026-03-30,M-003,Preventive,17.2,156.77,0
MT-000827,2026-03-28,M-012,Emergency,87.2,845.79,1
MT-000828,2026-04-27,M-011,Preventive,45.1,265.1,0
MT-000829,2026-05-25,M-008,Corrective,16.5,153.06,1
MT-000830,2026-06-08,M-012,Preventive,52.2,323.03,0
MT-000831,2026-03-01,M-006,Preventive,29.2,162.22,0
MT-000832,2026-01-03,M-009,Preventive,109.2,674.3,0
MT-000833,2026-04-25,M-008,Preventive,30.1,205.38,0
MT-000834,2026-03-12,M-009,Preventive,51.6,291.57,0
MT-000835,2026-01-12,M-009,Corrective,140.2,755.82,1
MT-000836,2026-01-13,M-001,Emergency,122.5,851.02,1
MT-000837,2026-01-30,M-008,Preventive,26.9,223.27,0
MT-000838,2026-03-06,M-009,Preventive,54.5,309.74,0
MT-000839,2026-02-20,M-011,Preventive,29.7,198.97,0
MT-000840,2026-06-19,M-008,Preventive,54.6,501.87,0
MT-000841,2026-01-20,M-003,Preventive,23.9,114.22,0
MT-000842,2026-03-05,M-011,Preventive,109.5,1056.66,0
MT-000843,2026-01-09,M-001,Corrective,146.8,1125.92,1
MT-000844,2026-04-16,M-011,Preventive,15.0,60.57,0
MT-000845,2026-03-01,M-003,Emergency,256.0,1861.27,1
MT-000846,2026-03-13,M-007,Corrective,77.2,630.75,1
MT-000847,2026-06-28,M-002,Corrective,73.8,498.54,1
MT-000848,2026-02-05,M-008,Emergency,131.7,752.47,1
MT-000849,2026-03-31,M-007,Corrective,69.5,615.05,1
MT-000850,2026-06-16,M-006,Preventive,83.4,774.03,0
MT-000851,2026-01-12,M-012,Corrective,47.6,466.53,1
MT-000852,2026-04-02,M-006,Emergency,36.4,175.72,1
MT-000853,2026-01-31,M-008,Preventive,72.8,690.24,0
MT-000854,2026-02-07,M-012,Preventive,41.0,285.62,0
MT-000855,2026-03-21,M-001,Preventive,57.5,258.2,0
MT-000856,2026-04-10,M-002,Preventive,61.5,356.84,0
MT-000857,2026-04-01,M-004,Corrective,32.4,226.76,1
MT-000858,2026-01-28,M-004,Preventive,39.4,247.31,0
MT-000859,2026-03-24,M-012,Preventive,15.0,68.55,0
MT-000860,2026-06-19,M-011,Emergency,101.9,929.67,1
MT-000861,2026-04-02,M-012,Preventive,17.7,115.99,0
MT-000862,2026-04-07,M-008,Emergency,156.3,1307.59,1
MT-000863,2026-01-27,M-002,Preventive,20.3,195.98,0
MT-000864,2026-01-01,M-009,Corrective,156.0,646.79,1
MT-000865,2026-03-24,M-001,Corrective,46.1,370.41,1
MT-000866,2026-02-02,M-011,Preventive,35.6,347.47,0
MT-000867,2026-05-07,M-003,Preventive,50.1,439.54,0
MT-000868,2026-02-06,M-006,Preventive,26.7,134.04,0
MT-000869,2026-01-01,M-004,Emergency,151.8,621.22,1
MT-000870,2026-06-25,M-001,Preventive,27.5,190.68,0
MT-000871,2026-02-22,M-010,Corrective,106.7,1044.69,1
MT-000872,2026-02-24,M-009,Preventive,70.4,526.93,0
MT-000873,2026-06-14,M-011,Emergency,120.4,645.16,1
MT-000874,2026-01-21,M-011,Corrective,171.1,702.68,1
MT-000875,2026-02-07,M-001,Preventive,15.0,131.36,0
MT-000876,2026-03-03,M-002,Corrective,88.1,576.27,1
MT-000877,2026-04-25,M-010,Preventive,94.9,820.91,0
MT-000878,2026-04-01,M-012,Preventive,40.3,287.46,0
MT-000879,2026-06-30,M-011,Preventive,33.9,289.19,0
MT-000880,2026-03-29,M-006,Corrective,69.3,400.34,1
MT-000881,2026-01-04,M-011,Preventive,15.0,133.97,0
MT-000882,2026-02-16,M-010,Corrective,29.1,188.95,1
MT-000883,2026-02-12,M-010,Corrective,57.1,406.03,1
MT-000884,2026-05-23,M-012,Preventive,56.3,297.22,0
MT-000885,2026-03-30,M-006,Emergency,99.9,600.98,1
MT-000886,2026-06-19,M-009,Corrective,200.7,1951.03,1
MT-000887,2026-01-25,M-004,Preventive,17.1,78.27,0
MT-000888,2026-04-07,M-003,Corrective,25.6,212.15,1
MT-000889,2026-02-06,M-010,Corrective,84.1,387.59,1
MT-000890,2026-03-05,M-002,Preventive,94.2,842.7,0
MT-000891,2026-03-12,M-003,Preventive,59.5,587.81,0
MT-000892,2026-05-23,M-008,Preventive,15.0,104.86,0
MT-000893,2026-01-13,M-004,Preventive,82.7,754.01,0
MT-000894,2026-01-30,M-001,Preventive,44.2,245.63,0
MT-000895,2026-06-15,M-010,Corrective,80.4,641.72,1
MT-000896,2026-05-10,M-005,Corrective,70.7,341.87,1
MT-000897,2026-06-23,M-005,Corrective,27.0,146.9,1
MT-000898,2026-03-28,M-009,Preventive,27.1,111.16,0
MT-000899,2026-06-18,M-005,Preventive,48.0,326.88,0
MT-000900,2026-03-31,M-001,Preventive,41.9,323.22,0
MT-000901,2026-03-04,M-003,Corrective,77.3,749.19,1
MT-000902,2026-03-01,M-011,Preventive,22.0,180.62,0
MT-000903,2026-01-29,M-005,Emergency,38.6,386.06,1
MT-000904,2026-05-12,M-010,Corrective,87.5,366.27,1
MT-000905,2026-01-27,M-012,Corrective,78.4,496.3,1
MT-000906,2026-01-06,M-008,Corrective,67.5,273.07,1
MT-000907,2026-06-02,M-010,Preventive,36.4,253.22,0
MT-000908,2026-05-20,M-010,Preventive,81.8,778.04,0
MT-000909,2026-01-17,M-002,Corrective,119.7,998.3,1
MT-000910,2026-01-12,M-003,Preventive,18.3,76.34,0
MT-000911,2026-02-11,M-010,Corrective,30.7,264.88,1
MT-000912,2026-05-11,M-007,Corrective,62.3,251.71,1
MT-000913,2026-01-28,M-002,Corrective,15.0,127.91,1
MT-000914,2026-01-01,M-003,Preventive,115.9,984.99,0
MT-000915,2026-06-21,M-003,Preventive,79.8,397.77,0
MT-000916,2026-05-04,M-009,Emergency,199.4,917.63,1
MT-000917,2026-02-24,M-008,Corrective,63.7,271.81,1
MT-000918,2026-03-29,M-012,Corrective,59.3,482.9,1
MT-000919,2026-04-16,M-012,Preventive,66.9,438.79,0
MT-000920,2026-04-05,M-010,Preventive,119.8,961.29,0
MT-000921,2026-04-22,M-002,Corrective,125.7,953.24,1
MT-000922,2026-02-21,M-005,Preventive,36.4,221.99,0
MT-000923,2026-06-20,M-008,Preventive,37.9,258.71,0
MT-000924,2026-06-01,M-006,Corrective,72.0,460.04,1
MT-000925,2026-03-18,M-003,Preventive,29.3,260.8,0
MT-000926,2026-01-12,M-008,Corrective,64.8,602.68,1
MT-000927,2026-06-23,M-003,Preventive,50.1,385.19,0
MT-000928,2026-06-12,M-002,Preventive,15.3,106.49,0
MT-000929,2026-01-08,M-012,Preventive,37.7,190.1,0
MT-000930,2026-02-28,M-003,Preventive,55.3,389.67,0
MT-000931,2026-03-31,M-004,Preventive,19.3,179.2,0
MT-000932,2026-05-21,M-009,Preventive,85.8,767.12,0
MT-000933,2026-04-08,M-006,Preventive,49.1,421.43,0
MT-000934,2026-03-04,M-008,Preventive,43.1,212.83,0
MT-000935,2026-05-27,M-003,Corrective,87.9,620.2,1
MT-000936,2026-06-13,M-009,Corrective,75.0,468.55,1
MT-000937,2026-05-26,M-006,Preventive,50.2,214.46,0
MT-000938,2026-01-16,M-009,Emergency,189.2,1692.41,1
MT-000939,2026-06-23,M-005,Corrective,115.3,483.43,1
MT-000940,2026-03-14,M-010,Preventive,37.3,177.94,0
MT-000941,2026-02-19,M-011,Corrective,104.9,558.28,1
MT-000942,2026-02-05,M-007,Emergency,61.6,365.39,1
MT-000943,2026-03-14,M-010,Corrective,175.9,1628.98,1
MT-000944,2026-06-03,M-004,Preventive,17.5,92.59,0
MT-000945,2026-06-10,M-009,Preventive,78.1,578.98,0
MT-000946,2026-02-14,M-007,Corrective,165.7,926.91,1
MT-000947,2026-01-04,M-006,Corrective,19.5,101.26,1
MT-000948,2026-02-03,M-004,Emergency,57.1,468.9,1
MT-000949,2026-01-05,M-011,Corrective,84.2,448.0,1
MT-000950,2026-02-07,M-007,Preventive,41.3,222.65,0
MT-000951,2026-03-12,M-008,Corrective,28.7,220.05,1
MT-000952,2026-03-17,M-004,Corrective,37.8,302.79,1
MT-000953,2026-05-27,M-007,Corrective,68.6,346.28,1
MT-000954,2026-05-18,M-004,Corrective,170.4,1352.47,1
MT-000955,2026-05-01,M-010,Preventive,16.1,94.43,0
MT-000956,2026-01-17,M-008,Preventive,36.6,247.86,0
MT-000957,2026-01-18,M-011,Emergency,82.8,420.69,1
MT-000958,2026-01-11,M-007,Corrective,92.7,548.18,1
MT-000959,2026-01-02,M-009,Corrective,81.9,793.09,1
MT-000960,2026-03-07,M-001,Preventive,79.8,706.97,0
MT-000961,2026-06-10,M-005,Corrective,38.9,285.21,1
MT-000962,2026-06-04,M-001,Preventive,15.0,73.75,0
MT-000963,2026-05-31,M-006,Corrective,28.2,234.07,1
MT-000964,2026-05-08,M-004,Preventive,68.0,421.38,0
MT-000965,2026-02-03,M-009,Corrective,94.6,709.4,1
MT-000966,2026-06-07,M-003,Preventive,44.6,312.78,0
MT-000967,2026-03-29,M-012,Preventive,65.6,648.61,0
MT-000968,2026-04-15,M-005,Emergency,78.1,705.59,1
MT-000969,2026-03-30,M-001,Preventive,25.2,162.19,0
MT-000970,2026-01-24,M-006,Preventive,51.5,388.71,0
MT-000971,2026-05-15,M-004,Corrective,45.6,240.34,1
MT-000972,2026-03-13,M-007,Corrective,37.4,290.0,1
MT-000973,2026-03-01,M-004,Preventive,69.8,694.76,0
MT-000974,2026-05-22,M-012,Preventive,73.7,618.12,0
MT-000975,2026-04-26,M-002,Corrective,59.1,491.78,1
MT-000976,2026-01-02,M-005,Corrective,130.5,878.09,1
MT-000977,2026-05-02,M-008,Corrective,92.8,675.27,1
MT-000978,2026-06-20,M-005,Emergency,66.9,349.58,1
MT-000979,2026-01-27,M-007,Preventive,70.7,503.89,0
MT-000980,2026-01-18,M-012,Preventive,46.8,442.23,0
MT-000981,2026-05-18,M-008,Preventive,55.1,259.0,0
MT-000982,2026-04-18,M-009,Corrective,30.7,182.78,1
MT-000983,2026-01-07,M-003,Preventive,29.4,126.15,0
MT-000984,2026-02-23,M-003,Preventive,40.6,163.06,0
MT-000985,2026-06-14,M-004,Corrective,174.7,1619.18,1
MT-000986,2026-05-17,M-012,Emergency,154.4,1392.63,1
MT-000987,2026-01-12,M-004,Corrective,112.1,757.85,1
MT-000988,2026-01-29,M-012,Corrective,140.8,1180.05,1
MT-000989,2026-01-01,M-011,Emergency,300.0,2306.63,1
MT-000990,2026-02-01,M-001,Corrective,93.5,678.36,1
MT-000991,2026-05-27,M-011,Emergency,19.9,132.46,1
MT-000992,2026-04-21,M-007,Emergency,234.6,1067.93,1
MT-000993,2026-02-10,M-004,Corrective,67.0,410.68,1
MT-000994,2026-02-14,M-006,Corrective,98.8,580.42,1
MT-000995,2026-01-24,M-009,Preventive,29.3,148.18,0
MT-000996,2026-03-28,M-010,Preventive,52.5,462.68,0
MT-000997,2026-01-10,M-002,Preventive,15.0,135.34,0
MT-000998,2026-01-23,M-012,Preventive,33.1,320.9,0
MT-000999,2026-05-22,M-010,Corrective,24.7,164.39,1
MT-001000,2026-04-27,M-007,Emergency,54.6,459.57,1
MT-001001,2026-02-05,M-008,Corrective,50.9,406.94,1
MT-001002,2026-04-22,M-010,Corrective,70.6,452.4,1
MT-001003,2026-06-13,M-008,Corrective,48.0,422.16,1
MT-001004,2026-02-21,M-001,Preventive,58.4,310.56,0
MT-001005,2026-02-12,M-008,Corrective,81.8,434.15,1
MT-001006,2026-04-15,M-009,Corrective,165.8,1052.92,1
MT-001007,2026-03-02,M-010,Preventive,24.3,200.62,0
MT-001008,2026-03-31,M-011,Corrective,73.9,489.32,1
MT-001009,2026-05-24,M-010,Preventive,22.1,208.34,0
MT-001010,2026-06-23,M-009,Corrective,82.1,521.54,1
MT-001011,2026-04-07,M-007,Corrective,300.0,2743.63,1
MT-001012,2026-01-05,M-005,Preventive,63.5,482.82,0
MT-001013,2026-05-26,M-010,Preventive,184.5,1781.0,0
MT-001014,2026-01-30,M-012,Corrective,113.4,672.95,1
MT-001015,2026-01-02,M-011,Emergency,135.1,669.76,1
MT-001016,2026-03-10,M-006,Emergency,81.9,799.83,1
MT-001017,2026-01-21,M-008,Corrective,65.9,614.77,1
MT-001018,2026-01-29,M-009,Preventive,41.8,357.68,0
MT-001019,2026-04-15,M-010,Corrective,24.4,161.68,1
MT-001020,2026-01-13,M-012,Preventive,111.1,597.46,0
MT-001021,2026-05-22,M-011,Preventive,50.5,256.8,0
MT-001022,2026-02-21,M-001,Preventive,39.5,184.71,0
MT-001023,2026-02-25,M-007,Preventive,34.9,248.54,0
MT-001024,2026-05-28,M-009,Preventive,19.7,176.19,0
MT-001025,2026-04-04,M-010,Emergency,78.0,365.43,1
MT-001026,2026-02-05,M-005,Emergency,113.5,550.26,1
MT-001027,2026-03-28,M-007,Preventive,56.9,477.44,0
MT-001028,2026-02-10,M-009,Preventive,55.2,487.0,0
MT-001029,2026-03-03,M-006,Preventive,40.4,255.26,0
MT-001030,2026-02-21,M-005,Preventive,140.9,868.23,0
MT-001031,2026-06-10,M-008,Preventive,36.2,168.08,0
MT-001032,2026-01-31,M-006,Corrective,24.4,173.48,1
MT-001033,2026-01-15,M-012,Corrective,119.5,923.92,1
MT-001034,2026-05-18,M-010,Emergency,222.9,1951.31,1
MT-001035,2026-02-27,M-003,Preventive,15.0,134.84,0
MT-001036,2026-04-11,M-001,Preventive,15.0,88.28,0
MT-001037,2026-03-03,M-004,Corrective,40.2,254.59,1
MT-001038,2026-05-31,M-002,Preventive,77.8,531.4,0
MT-001039,2026-03-23,M-006,Corrective,72.8,432.3,1
MT-001040,2026-04-05,M-002,Corrective,193.3,1103.31,1
MT-001041,2026-03-05,M-006,Corrective,32.5,186.42,1
MT-001042,2026-04-14,M-001,Corrective,54.4,467.93,1
MT-001043,2026-06-17,M-005,Emergency,125.8,1114.91,1
MT-001044,2026-02-24,M-006,Emergency,136.8,1312.23,1
MT-001045,2026-04-12,M-008,Preventive,28.5,234.88,0
MT-001046,2026-05-18,M-007,Preventive,15.9,79.28,0
MT-001047,2026-01-26,M-003,Preventive,68.6,339.16,0
MT-001048,2026-02-07,M-006,Preventive,15.0,101.11,0
MT-001049,2026-04-01,M-005,Emergency,112.0,506.88,1
MT-001050,2026-06-04,M-007,Preventive,15.0,123.77,0
MT-001051,2026-03-20,M-008,Corrective,115.0,652.48,1
MT-001052,2026-05-28,M-011,Emergency,204.4,1642.82,1
MT-001053,2026-06-27,M-005,Corrective,51.0,501.69,1
MT-001054,2026-02-04,M-001,Preventive,34.4,152.02,0
MT-001055,2026-03-26,M-002,Preventive,64.9,592.69,0
MT-001056,2026-05-01,M-005,Corrective,109.8,656.95,1
MT-001057,2026-03-26,M-004,Preventive,69.2,559.82,0
MT-001058,2026-03-20,M-001,Corrective,72.9,632.8,1
MT-001059,2026-02-08,M-003,Preventive,94.7,834.43,0
MT-001060,2026-06-11,M-001,Preventive,42.6,383.53,0
MT-001061,2026-04-09,M-010,Corrective,94.0,654.43,1
MT-001062,2026-02-09,M-004,Emergency,74.3,560.49,1
MT-001063,2026-02-08,M-005,Corrective,27.0,247.55,1
MT-001064,2026-06-30,M-004,Preventive,21.4,176.78,0
MT-001065,2026-03-28,M-008,Corrective,44.2,374.72,1
MT-001066,2026-06-23,M-012,Corrective,44.5,403.01,1
MT-001067,2026-04-23,M-012,Preventive,35.1,306.47,0
MT-001068,2026-06-11,M-006,Corrective,113.2,960.97,1
MT-001069,2026-05-05,M-003,Preventive,75.7,462.53,0
MT-001070,2026-03-01,M-001,Corrective,27.2,241.83,1
MT-001071,2026-05-10,M-001,Corrective,300.0,2503.83,1
MT-001072,2026-06-28,M-010,Preventive,41.7,370.05,0
MT-001073,2026-06-03,M-009,Preventive,22.6,184.17,0
MT-001074,2026-04-14,M-002,Corrective,47.1,297.06,1
MT-001075,2026-04-28,M-012,Emergency,39.8,350.92,1
MT-001076,2026-05-10,M-007,Preventive,15.0,113.74,0
MT-001077,2026-04-01,M-007,Corrective,45.0,335.24,1
MT-001078,2026-03-12,M-007,Preventive,47.6,376.09,0
MT-001079,2026-02-25,M-012,Preventive,15.2,110.67,0
MT-001080,2026-05-26,M-002,Emergency,114.9,639.34,1
MT-001081,2026-04-05,M-009,Emergency,31.7,258.89,1
MT-001082,2026-02-05,M-002,Emergency,82.3,709.69,1
MT-001083,2026-04-25,M-011,Preventive,15.0,139.25,0
MT-001084,2026-02-23,M-001,Corrective,77.2,347.37,1
MT-001085,2026-02-10,M-010,Preventive,15.0,120.11,0
MT-001086,2026-01-03,M-005,Preventive,22.4,203.99,0
MT-001087,2026-03-06,M-005,Preventive,63.1,308.22,0
MT-001088,2026-06-21,M-011,Corrective,95.5,466.75,1
MT-001089,2026-05-12,M-007,Corrective,56.2,261.92,1
MT-001090,2026-03-09,M-001,Preventive,40.8,394.59,0
MT-001091,2026-02-07,M-007,Corrective,36.9,312.27,1
MT-001092,2026-01-06,M-009,Corrective,43.6,228.51,1
MT-001093,2026-06-08,M-009,Corrective,51.4,372.12,1
MT-001094,2026-03-04,M-011,Preventive,70.8,500.72,0
MT-001095,2026-03-01,M-012,Corrective,63.5,562.86,1
MT-001096,2026-03-24,M-003,Preventive,70.4,531.26,0
MT-001097,2026-02-04,M-010,Emergency,62.4,410.66,1
MT-001098,2026-06-06,M-005,Emergency,102.4,708.45,1
MT-001099,2026-01-01,M-003,Corrective,82.0,677.73,1
MT-001100,2026-03-09,M-002,Corrective,68.1,598.76,1
MT-001101,2026-03-24,M-009,Corrective,180.6,1648.29,1
MT-001102,2026-01-28,M-009,Preventive,30.3,145.96,0
MT-001103,2026-02-23,M-009,Preventive,63.5,322.22,0
MT-001104,2026-04-02,M-010,Preventive,74.4,494.51,0
MT-001105,2026-03-11,M-005,Corrective,57.7,397.17,1
MT-001106,2026-04-07,M-011,Emergency,87.0,524.36,1
MT-001107,2026-05-02,M-004,Corrective,44.3,197.79,1
MT-001108,2026-06-01,M-001,Preventive,38.1,177.18,0
MT-001109,2026-03-20,M-007,Emergency,112.4,680.47,1
MT-001110,2026-03-06,M-001,Preventive,52.6,237.2,0
MT-001111,2026-05-19,M-002,Preventive,48.4,240.27,0
MT-001112,2026-04-12,M-011,Preventive,74.0,298.54,0
MT-001113,2026-01-09,M-001,Preventive,73.9,739.1,0
MT-001114,2026-01-05,M-002,Preventive,28.7,271.87,0
MT-001115,2026-01-15,M-011,Preventive,104.8,973.34,0
MT-001116,2026-05-31,M-010,Emergency,63.1,367.55,1
MT-001117,2026-05-30,M-001,Preventive,28.8,139.47,0
MT-001118,2026-05-16,M-002,Emergency,63.6,343.21,1
MT-001119,2026-06-21,M-012,Emergency,63.1,369.06,1
MT-001120,2026-04-09,M-008,Corrective,56.7,339.8,1
MT-001121,2026-03-09,M-001,Preventive,49.6,438.29,0
MT-001122,2026-06-15,M-004,Preventive,42.6,403.02,0
MT-001123,2026-06-20,M-008,Emergency,143.0,885.36,1
MT-001124,2026-01-19,M-008,Preventive,19.7,145.34,0
MT-001125,2026-05-11,M-007,Preventive,15.0,87.65,0
MT-001126,2026-02-10,M-003,Preventive,37.1,149.75,0
MT-001127,2026-04-17,M-001,Preventive,81.1,595.13,0
MT-001128,2026-05-04,M-007,Preventive,57.7,474.49,0
MT-001129,2026-01-09,M-008,Preventive,35.7,326.04,0
MT-001130,2026-02-04,M-002,Corrective,76.8,494.87,1
MT-001131,2026-02-21,M-003,Preventive,76.2,349.97,0
MT-001132,2026-04-29,M-009,Preventive,97.5,921.43,0
MT-001133,2026-02-10,M-006,Corrective,21.5,181.77,1
MT-001134,2026-02-14,M-003,Preventive,44.3,221.85,0
MT-001135,2026-01-07,M-006,Emergency,34.5,182.95,1
MT-001136,2026-02-16,M-006,Corrective,30.4,298.55,1
MT-001137,2026-04-05,M-011,Emergency,95.7,743.05,1
MT-001138,2026-05-11,M-009,Emergency,93.9,843.31,1
MT-001139,2026-02-05,M-012,Corrective,71.3,465.05,1
MT-001140,2026-03-04,M-002,Corrective,99.2,430.66,1
MT-001141,2026-01-24,M-003,Preventive,32.3,200.27,0
MT-001142,2026-03-30,M-009,Emergency,30.0,198.69,1
MT-001143,2026-01-02,M-008,Preventive,46.8,285.39,0
MT-001144,2026-06-29,M-011,Corrective,191.8,1877.49,1
MT-001145,2026-04-19,M-007,Corrective,217.3,1851.64,1
MT-001146,2026-01-04,M-004,Emergency,140.0,1323.84,1
MT-001147,2026-01-19,M-009,Emergency,25.6,224.04,1
MT-001148,2026-03-14,M-003,Preventive,31.1,166.11,0
MT-001149,2026-02-13,M-003,Preventive,33.9,303.58,0
MT-001150,2026-02-07,M-003,Preventive,54.6,309.63,0
MT-001151,2026-06-10,M-009,Emergency,74.9,481.16,1
MT-001152,2026-06-04,M-011,Corrective,149.0,1060.66,1
MT-001153,2026-02-17,M-003,Corrective,89.2,828.37,1
MT-001154,2026-05-14,M-009,Preventive,17.3,162.1,0
MT-001155,2026-01-12,M-004,Preventive,57.0,380.57,0
MT-001156,2026-05-11,M-006,Preventive,48.5,211.17,0
MT-001157,2026-01-14,M-003,Corrective,33.9,267.48,1
MT-001158,2026-05-08,M-007,Preventive,88.9,420.32,0
MT-001159,2026-05-30,M-003,Emergency,22.2,131.8,1
MT-001160,2026-06-24,M-011,Preventive,77.4,478.16,0
MT-001161,2026-06-02,M-001,Preventive,36.2,357.47,0
MT-001162,2026-04-26,M-004,Preventive,47.4,461.12,0
MT-001163,2026-01-10,M-003,Corrective,74.2,332.93,1
MT-001164,2026-03-02,M-005,Preventive,57.8,527.15,0
MT-001165,2026-03-20,M-004,Corrective,89.4,827.05,1
MT-001166,2026-04-12,M-005,Corrective,82.1,569.33,1
MT-001167,2026-02-26,M-007,Emergency,42.6,247.55,1
MT-001168,2026-04-30,M-001,Corrective,142.9,740.38,1
MT-001169,2026-04-25,M-002,Corrective,20.0,135.32,1
MT-001170,2026-04-04,M-006,Corrective,30.5,263.36,1
MT-001171,2026-01-02,M-001,Corrective,151.5,1041.34,1
MT-001172,2026-04-04,M-007,Emergency,126.5,1070.4,1
MT-001173,2026-02-16,M-006,Preventive,23.4,138.09,0
MT-001174,2026-05-14,M-010,Emergency,24.2,157.65,1
MT-001175,2026-01-11,M-009,Corrective,38.4,184.07,1
MT-001176,2026-02-01,M-003,Preventive,39.4,198.86,0
MT-001177,2026-01-23,M-006,Corrective,206.2,897.26,1
MT-001178,2026-06-02,M-008,Emergency,159.6,1041.53,1
MT-001179,2026-01-01,M-011,Preventive,17.0,97.85,0
MT-001180,2026-06-29,M-004,Emergency,183.7,1725.91,1
MT-001181,2026-03-25,M-010,Preventive,17.8,155.98,0
MT-001182,2026-01-20,M-008,Preventive,27.8,247.95,0
MT-001183,2026-06-16,M-010,Corrective,15.0,130.29,1
MT-001184,2026-04-28,M-001,Preventive,48.6,198.02,0
MT-001185,2026-06-16,M-012,Corrective,90.8,560.81,1
MT-001186,2026-04-08,M-006,Corrective,55.9,422.83,1
MT-001187,2026-04-29,M-001,Corrective,47.6,211.3,1
MT-001188,2026-02-08,M-008,Corrective,146.8,1109.11,1
MT-001189,2026-05-19,M-012,Preventive,48.7,473.75,0
MT-001190,2026-06-10,M-007,Preventive,47.2,406.13,0
MT-001191,2026-05-25,M-010,Preventive,104.2,559.3,0
MT-001192,2026-03-09,M-008,Preventive,21.2,144.56,0
MT-001193,2026-01-31,M-011,Preventive,108.9,1039.07,0
MT-001194,2026-06-14,M-008,Emergency,34.0,279.42,1
MT-001195,2026-03-03,M-010,Preventive,42.8,419.24,0
MT-001196,2026-06-30,M-005,Corrective,216.8,2152.47,1
MT-001197,2026-02-11,M-011,Preventive,56.2,461.83,0
MT-001198,2026-03-04,M-001,Corrective,49.1,211.66,1
MT-001199,2026-04-21,M-011,Emergency,115.6,604.24,1
MT-001200,2026-04-12,M-004,Preventive,63.0,297.95,0
MT-001201,2026-03-30,M-003,Preventive,44.3,441.46,0
MT-001202,2026-01-30,M-012,Emergency,85.2,793.38,1
MT-001203,2026-05-09,M-010,Corrective,33.6,289.01,1
MT-001204,2026-02-14,M-012,Preventive,34.2,259.01,0
MT-001205,2026-03-18,M-011,Preventive,46.0,274.24,0
MT-001206,2026-01-21,M-008,Emergency,63.6,492.41,1
MT-001207,2026-03-25,M-002,Preventive,29.0,286.25,0
MT-001208,2026-01-04,M-010,Preventive,30.5,145.56,0
MT-001209,2026-01-21,M-011,Emergency,122.7,688.85,1
MT-001210,2026-03-04,M-010,Corrective,37.8,243.43,1
MT-001211,2026-05-08,M-009,Preventive,29.9,220.11,0
MT-001212,2026-03-07,M-004,Corrective,63.4,578.66,1
MT-001213,2026-03-05,M-012,Corrective,62.1,443.74,1
MT-001214,2026-01-22,M-009,Preventive,110.9,768.46,0
MT-001215,2026-02-17,M-007,Corrective,57.0,234.47,1
MT-001216,2026-05-19,M-007,Corrective,61.3,356.85,1
MT-001217,2026-06-10,M-012,Preventive,37.7,156.95,0
MT-001218,2026-05-14,M-006,Corrective,20.7,98.83,1
MT-001219,2026-02-03,M-012,Emergency,267.1,1476.88,1
MT-001220,2026-02-20,M-003,Corrective,23.0,129.91,1
MT-001221,2026-02-25,M-006,Preventive,30.3,153.51,0
MT-001222,2026-03-02,M-001,Corrective,71.3,478.3,1
MT-001223,2026-06-27,M-002,Corrective,56.8,230.36,1
MT-001224,2026-01-24,M-003,Preventive,15.0,102.78,0
MT-001225,2026-05-08,M-010,Corrective,226.3,1358.64,1
MT-001226,2026-03-03,M-002,Preventive,53.3,506.26,0
MT-001227,2026-01-28,M-003,Preventive,82.4,718.95,0
MT-001228,2026-02-15,M-006,Preventive,46.1,371.45,0
MT-001229,2026-05-15,M-010,Preventive,33.8,237.03,0
MT-001230,2026-04-28,M-005,Preventive,23.4,121.31,0
MT-001231,2026-03-18,M-010,Preventive,130.6,936.85,0
MT-001232,2026-02-07,M-009,Corrective,84.0,338.63,1
MT-001233,2026-02-01,M-007,Preventive,72.7,536.21,0
MT-001234,2026-04-25,M-009,Corrective,32.3,300.41,1
MT-001235,2026-04-03,M-003,Preventive,36.7,221.67,0
MT-001236,2026-06-07,M-012,Corrective,43.2,253.69,1
MT-001237,2026-05-17,M-005,Emergency,220.2,968.25,1
MT-001238,2026-04-27,M-004,Preventive,88.6,504.92,0
MT-001239,2026-04-30,M-010,Corrective,47.7,265.04,1
MT-001240,2026-04-28,M-005,Preventive,110.5,978.28,0
MT-001241,2026-01-14,M-004,Corrective,17.8,93.37,1
MT-001242,2026-03-09,M-004,Preventive,49.5,253.7,0
MT-001243,2026-06-16,M-008,Emergency,28.0,138.64,1
MT-001244,2026-02-08,M-005,Corrective,49.2,369.51,1
MT-001245,2026-05-24,M-001,Preventive,59.4,394.19,0
MT-001246,2026-03-02,M-006,Corrective,67.3,481.81,1
MT-001247,2026-03-06,M-005,Corrective,15.0,78.88,1
MT-001248,2026-05-14,M-009,Preventive,28.9,204.57,0
MT-001249,2026-02-20,M-006,Preventive,29.0,235.45,0
MT-001250,2026-06-22,M-010,Corrective,120.7,1065.22,1
MT-001251,2026-02-04,M-003,Preventive,15.2,65.56,0
MT-001252,2026-01-02,M-006,Preventive,80.7,690.01,0
MT-001253,2026-01-10,M-006,Emergency,124.9,796.71,1
MT-001254,2026-03-21,M-009,Emergency,31.5,259.33,1
MT-001255,2026-06-11,M-002,Corrective,25.5,185.37,1
MT-001256,2026-03-05,M-005,Preventive,49.0,364.34,0
MT-001257,2026-05-27,M-007,Corrective,130.1,1092.41,1
MT-001258,2026-03-02,M-010,Preventive,69.8,410.16,0
MT-001259,2026-01-03,M-010,Emergency,114.5,1055.49,1
MT-001260,2026-01-18,M-012,Emergency,103.6,672.06,1
MT-001261,2026-05-28,M-011,Corrective,35.1,143.37,1
MT-001262,2026-01-22,M-005,Corrective,38.0,321.84,1
MT-001263,2026-01-31,M-012,Corrective,48.3,450.33,1
MT-001264,2026-04-05,M-009,Preventive,92.3,792.54,0
MT-001265,2026-01-09,M-001,Corrective,22.9,175.05,1
MT-001266,2026-05-01,M-003,Emergency,300.0,2931.41,1
MT-001267,2026-02-22,M-003,Preventive,79.5,700.95,0
MT-001268,2026-03-07,M-004,Corrective,159.7,1155.14,1
MT-001269,2026-01-04,M-004,Preventive,35.8,247.67,0
MT-001270,2026-05-26,M-002,Preventive,22.8,156.2,0
MT-001271,2026-05-08,M-008,Corrective,39.3,302.08,1
MT-001272,2026-02-19,M-003,Corrective,91.6,705.29,1
MT-001273,2026-04-13,M-006,Corrective,84.0,788.73,1
MT-001274,2026-02-03,M-007,Preventive,23.0,100.14,0
MT-001275,2026-05-19,M-009,Emergency,198.0,1960.2,1
MT-001276,2026-05-20,M-006,Emergency,43.7,274.1,1
MT-001277,2026-02-27,M-004,Preventive,55.0,541.32,0
MT-001278,2026-06-21,M-006,Preventive,26.4,121.61,0
MT-001279,2026-03-27,M-002,Preventive,40.0,203.54,0
MT-001280,2026-05-06,M-002,Preventive,21.1,123.03,0
MT-001281,2026-06-14,M-005,Emergency,120.1,1141.37,1
MT-001282,2026-05-10,M-009,Corrective,72.7,406.35,1
MT-001283,2026-02-14,M-004,Preventive,114.2,1001.83,0
MT-001284,2026-03-02,M-009,Preventive,86.9,494.1,0
MT-001285,2026-01-04,M-001,Emergency,107.4,955.33,1
MT-001286,2026-04-22,M-008,Preventive,32.3,295.97,0
MT-001287,2026-03-05,M-011,Preventive,79.3,328.34,0
MT-001288,2026-03-18,M-004,Preventive,17.4,164.45,0
MT-001289,2026-01-30,M-006,Preventive,46.3,292.58,0
MT-001290,2026-05-29,M-006,Preventive,54.5,395.49,0
MT-001291,2026-01-05,M-002,Emergency,69.9,314.78,1
MT-001292,2026-01-18,M-011,Emergency,34.2,218.65,1
MT-001293,2026-03-21,M-011,Corrective,83.0,402.66,1
MT-001294,2026-01-22,M-009,Preventive,84.8,709.77,0
MT-001295,2026-05-31,M-007,Preventive,37.5,313.52,0
MT-001296,2026-02-19,M-004,Preventive,75.1,361.01,0
MT-001297,2026-05-03,M-009,Preventive,15.0,116.99,0
MT-001298,2026-05-11,M-012,Corrective,47.0,223.31,1
MT-001299,2026-06-14,M-010,Corrective,71.2,666.22,1
MT-001300,2026-06-17,M-008,Emergency,50.7,212.27,1
MT-001301,2026-03-08,M-010,Corrective,27.5,114.48,1
MT-001302,2026-03-30,M-008,Preventive,47.1,290.49,0
MT-001303,2026-01-15,M-011,Preventive,110.9,1040.54,0
MT-001304,2026-05-12,M-007,Corrective,20.0,92.57,1
MT-001305,2026-06-03,M-008,Corrective,131.3,1204.85,1
MT-001306,2026-01-12,M-011,Preventive,53.3,227.93,0
MT-001307,2026-06-10,M-012,Preventive,37.5,313.25,0
MT-001308,2026-06-20,M-011,Corrective,109.3,1079.87,1
MT-001309,2026-06-25,M-006,Emergency,133.2,870.11,1
MT-001310,2026-05-21,M-002,Corrective,174.1,838.62,1
MT-001311,2026-04-21,M-009,Preventive,42.7,231.08,0
MT-001312,2026-06-23,M-011,Corrective,76.6,594.0,1
MT-001313,2026-06-23,M-002,Preventive,43.8,435.89,0
MT-001314,2026-06-07,M-001,Corrective,51.6,279.26,1
MT-001315,2026-03-07,M-006,Emergency,22.8,120.03,1
MT-001316,2026-02-09,M-011,Corrective,40.0,262.71,1
MT-001317,2026-01-10,M-001,Emergency,110.2,953.93,1
MT-001318,2026-01-14,M-003,Emergency,131.2,593.71,1
MT-001319,2026-04-08,M-011,Emergency,115.2,487.58,1
MT-001320,2026-01-31,M-003,Corrective,38.1,176.74,1
MT-001321,2026-04-17,M-001,Preventive,23.2,144.09,0
MT-001322,2026-05-02,M-006,Preventive,34.1,301.78,0
MT-001323,2026-04-04,M-009,Preventive,59.1,464.68,0
MT-001324,2026-02-02,M-005,Corrective,120.4,708.18,1
MT-001325,2026-06-13,M-009,Corrective,32.4,190.5,1
MT-001326,2026-05-13,M-011,Emergency,62.2,615.83,1
MT-001327,2026-06-07,M-004,Preventive,54.6,442.65,0
MT-001328,2026-06-29,M-004,Preventive,45.9,336.57,0
MT-001329,2026-01-01,M-006,Emergency,61.4,291.18,1
MT-001330,2026-05-25,M-009,Preventive,57.8,333.84,0
MT-001331,2026-04-15,M-005,Emergency,78.5,755.34,1
MT-001332,2026-05-09,M-006,Corrective,31.9,265.95,1
MT-001333,2026-03-10,M-012,Corrective,30.1,124.07,1
MT-001334,2026-01-01,M-008,Corrective,66.1,602.27,1
MT-001335,2026-06-05,M-002,Corrective,117.2,896.74,1
MT-001336,2026-05-15,M-002,Corrective,82.4,525.5,1
MT-001337,2026-06-12,M-011,Preventive,15.0,86.18,0
MT-001338,2026-04-15,M-005,Emergency,148.6,1352.87,1
MT-001339,2026-06-03,M-004,Corrective,53.1,527.53,1
MT-001340,2026-05-27,M-004,Preventive,43.0,390.29,0
MT-001341,2026-04-09,M-006,Preventive,15.0,124.37,0
MT-001342,2026-05-15,M-004,Preventive,48.5,408.66,0
MT-001343,2026-04-19,M-002,Preventive,107.0,709.07,0
MT-001344,2026-06-15,M-006,Preventive,46.9,392.8,0
MT-001345,2026-02-26,M-012,Preventive,42.7,225.55,0
MT-001346,2026-06-13,M-007,Emergency,292.0,2052.02,1
MT-001347,2026-02-13,M-009,Preventive,47.0,290.05,0
MT-001348,2026-04-27,M-009,Corrective,82.7,626.06,1
MT-001349,2026-02-22,M-006,Emergency,65.5,296.44,1
MT-001350,2026-06-21,M-011,Preventive,24.2,103.06,0
MT-001351,2026-06-11,M-006,Preventive,71.8,354.49,0
MT-001352,2026-04-11,M-009,Preventive,95.2,583.68,0
MT-001353,2026-02-23,M-005,Emergency,130.4,1298.88,1
MT-001354,2026-04-06,M-009,Corrective,31.7,218.55,1
MT-001355,2026-03-26,M-006,Preventive,62.2,465.46,0
MT-001356,2026-05-03,M-004,Preventive,63.7,337.82,0
MT-001357,2026-01-31,M-004,Preventive,57.5,440.59,0
MT-001358,2026-02-05,M-010,Corrective,73.0,552.36,1
MT-001359,2026-04-25,M-001,Corrective,40.0,298.88,1
MT-001360,2026-01-08,M-003,Preventive,43.3,409.57,0
MT-001361,2026-03-03,M-009,Preventive,52.0,364.52,0
MT-001362,2026-04-29,M-004,Preventive,49.1,222.06,0
MT-001363,2026-05-12,M-009,Preventive,73.1,582.14,0
MT-001364,2026-06-30,M-003,Corrective,149.4,1395.94,1
MT-001365,2026-05-15,M-001,Emergency,107.5,675.77,1
MT-001366,2026-05-20,M-008,Emergency,82.8,350.31,1
MT-001367,2026-04-30,M-009,Preventive,17.9,90.91,0
MT-001368,2026-01-15,M-010,Emergency,157.9,1382.85,1
MT-001369,2026-01-17,M-006,Preventive,42.0,181.35,0
MT-001370,2026-06-04,M-011,Preventive,31.0,301.58,0
MT-001371,2026-05-23,M-007,Preventive,114.7,1051.18,0
MT-001372,2026-02-22,M-010,Emergency,45.1,369.41,1
MT-001373,2026-04-03,M-006,Preventive,18.0,99.26,0
MT-001374,2026-02-05,M-003,Preventive,15.3,113.39,0
MT-001375,2026-06-03,M-007,Emergency,88.9,397.9,1
MT-001376,2026-06-22,M-004,Preventive,44.2,326.07,0
MT-001377,2026-06-22,M-008,Corrective,43.4,259.36,1
MT-001378,2026-02-16,M-004,Corrective,131.7,1259.14,1
MT-001379,2026-02-20,M-011,Emergency,146.7,896.82,1
MT-001380,2026-02-15,M-009,Emergency,90.8,405.19,1
MT-001381,2026-03-13,M-004,Corrective,30.3,162.0,1
MT-001382,2026-03-11,M-009,Emergency,87.0,706.62,1
MT-001383,2026-02-21,M-001,Corrective,102.3,993.52,1
MT-001384,2026-02-23,M-009,Corrective,74.3,536.1,1
MT-001385,2026-05-08,M-012,Preventive,15.0,81.75,0
MT-001386,2026-01-23,M-010,Preventive,38.6,344.53,0
MT-001387,2026-04-05,M-009,Preventive,53.8,488.82,0
MT-001388,2026-05-05,M-002,Preventive,15.0,104.23,0
MT-001389,2026-02-04,M-003,Preventive,15.0,98.3,0
MT-001390,2026-05-08,M-005,Emergency,37.3,318.0,1
MT-001391,2026-06-17,M-004,Corrective,35.2,159.7,1
MT-001392,2026-03-17,M-005,Corrective,109.0,857.77,1
MT-001393,2026-02-20,M-003,Corrective,49.3,197.51,1
MT-001394,2026-06-11,M-007,Emergency,148.8,651.49,1
MT-001395,2026-06-05,M-005,Preventive,15.0,99.38,0
MT-001396,2026-01-26,M-004,Preventive,31.1,224.38,0
MT-001397,2026-01-28,M-001,Preventive,51.8,358.91,0
MT-001398,2026-04-11,M-001,Preventive,45.2,221.27,0
MT-001399,2026-05-16,M-012,Preventive,15.0,90.33,0
MT-001400,2026-06-12,M-003,Corrective,108.3,468.08,1
MT-001401,2026-05-20,M-004,Emergency,167.6,1407.57,1
MT-001402,2026-01-31,M-012,Preventive,146.3,677.29,0
MT-001403,2026-05-31,M-010,Corrective,75.9,464.13,1
MT-001404,2026-01-05,M-011,Emergency,52.9,506.25,1
MT-001405,2026-04-23,M-012,Corrective,183.1,1224.06,1
MT-001406,2026-02-01,M-006,Corrective,38.7,172.55,1
MT-001407,2026-05-07,M-010,Preventive,40.0,382.27,0
MT-001408,2026-03-16,M-009,Preventive,18.7,159.88,0
MT-001409,2026-01-12,M-012,Corrective,65.3,607.48,1
MT-001410,2026-03-27,M-005,Preventive,15.0,74.36,0
MT-001411,2026-02-01,M-012,Preventive,54.6,480.58,0
MT-001412,2026-05-17,M-007,Preventive,51.3,458.66,0
MT-001413,2026-05-29,M-003,Emergency,47.4,469.27,1
MT-001414,2026-06-05,M-009,Preventive,52.6,410.45,0
MT-001415,2026-01-20,M-003,Preventive,24.7,129.55,0
MT-001416,2026-05-31,M-009,Preventive,34.8,287.42,0
MT-001417,2026-04-14,M-005,Preventive,42.8,199.9,0
MT-001418,2026-04-20,M-005,Corrective,42.5,187.54,1
MT-001419,2026-05-26,M-003,Emergency,15.0,82.24,1
MT-001420,2026-02-17,M-006,Corrective,117.0,667.0,1
MT-001421,2026-04-09,M-005,Corrective,79.8,499.83,1
MT-001422,2026-05-26,M-009,Preventive,27.3,215.54,0
MT-001423,2026-05-23,M-009,Preventive,56.0,440.66,0
MT-001424,2026-04-26,M-009,Corrective,101.0,777.19,1
MT-001425,2026-04-04,M-005,Preventive,44.1,181.87,0
MT-001426,2026-02-20,M-009,Preventive,15.7,141.25,0
MT-001427,2026-02-21,M-004,Corrective,74.9,458.29,1
MT-001428,2026-01-05,M-006,Corrective,15.0,113.62,1
MT-001429,2026-05-04,M-011,Corrective,74.3,720.59,1
MT-001430,2026-03-12,M-006,Preventive,67.8,451.13,0
MT-001431,2026-06-11,M-005,Preventive,64.7,473.7,0
MT-001432,2026-01-09,M-006,Preventive,15.5,64.1,0
MT-001433,2026-02-09,M-003,Corrective,34.0,265.96,1
MT-001434,2026-02-15,M-002,Corrective,15.0,129.64,1
MT-001435,2026-04-13,M-011,Preventive,55.0,315.3,0
MT-001436,2026-02-21,M-006,Preventive,46.0,194.62,0
MT-001437,2026-03-11,M-008,Corrective,66.1,600.05,1
MT-001438,2026-02-24,M-002,Corrective,54.2,526.79,1
MT-001439,2026-03-18,M-009,Preventive,53.0,250.15,0
MT-001440,2026-03-23,M-006,Preventive,26.1,221.57,0
MT-001441,2026-05-26,M-009,Preventive,94.3,807.07,0
MT-001442,2026-04-24,M-001,Preventive,71.7,551.21,0
MT-001443,2026-06-05,M-010,Corrective,197.2,959.74,1
MT-001444,2026-02-17,M-006,Preventive,15.0,85.01,0
MT-001445,2026-01-11,M-002,Preventive,15.0,142.48,0
MT-001446,2026-05-12,M-009,Emergency,98.9,646.0,1
MT-001447,2026-04-06,M-012,Corrective,21.2,177.35,1
MT-001448,2026-01-25,M-002,Corrective,47.1,335.9,1
MT-001449,2026-05-10,M-004,Corrective,172.8,1064.84,1
MT-001450,2026-03-31,M-011,Emergency,300.0,2044.59,1
MT-001451,2026-03-31,M-009,Preventive,43.3,322.45,0
MT-001452,2026-05-17,M-011,Preventive,48.8,422.73,0
MT-001453,2026-05-23,M-005,Emergency,204.5,1702.54,1
MT-001454,2026-05-01,M-008,Emergency,89.9,594.81,1
MT-001455,2026-02-11,M-001,Preventive,23.1,185.79,0
MT-001456,2026-01-30,M-003,Corrective,89.8,415.41,1
MT-001457,2026-06-02,M-002,Preventive,44.4,391.21,0
MT-001458,2026-01-05,M-003,Preventive,38.3,172.34,0
MT-001459,2026-04-02,M-011,Corrective,85.2,538.19,1
MT-001460,2026-05-24,M-003,Emergency,65.8,486.06,1
MT-001461,2026-02-15,M-011,Preventive,76.7,671.0,0
MT-001462,2026-03-17,M-002,Preventive,29.2,131.8,0
MT-001463,2026-03-23,M-010,Preventive,84.1,632.61,0
MT-001464,2026-06-02,M-002,Preventive,31.8,230.04,0
MT-001465,2026-05-23,M-007,Emergency,117.0,710.39,1
MT-001466,2026-01-29,M-004,Preventive,130.7,1265.74,0
MT-001467,2026-06-29,M-008,Preventive,99.3,722.01,0
MT-001468,2026-04-02,M-006,Preventive,73.4,314.23,0
MT-001469,2026-06-04,M-010,Preventive,17.2,163.63,0
MT-001470,2026-03-30,M-005,Corrective,105.9,809.44,1
MT-001471,2026-01-07,M-004,Corrective,93.9,622.93,1
MT-001472,2026-04-09,M-005,Preventive,21.0,166.1,0
MT-001473,2026-04-20,M-003,Preventive,21.5,149.89,0
MT-001474,2026-01-30,M-005,Corrective,125.4,545.93,1
MT-001475,2026-04-26,M-011,Preventive,15.0,100.37,0
MT-001476,2026-04-23,M-001,Corrective,59.7,372.68,1
MT-001477,2026-02-18,M-001,Corrective,112.0,712.78,1
MT-001478,2026-05-08,M-005,Preventive,15.0,77.57,0
MT-001479,2026-03-16,M-007,Corrective,68.7,453.09,1
MT-001480,2026-02-11,M-007,Preventive,50.0,205.08,0
MT-001481,2026-05-02,M-001,Corrective,15.0,134.5,1
MT-001482,2026-03-23,M-006,Emergency,15.0,148.1,1
MT-001483,2026-01-24,M-009,Emergency,212.6,911.62,1
MT-001484,2026-04-22,M-009,Corrective,70.9,665.75,1
MT-001485,2026-03-19,M-010,Emergency,46.1,215.69,1
MT-001486,2026-06-04,M-001,Corrective,22.2,148.03,1
MT-001487,2026-05-01,M-011,Corrective,117.2,666.93,1
MT-001488,2026-03-07,M-004,Corrective,15.0,135.67,1
MT-001489,2026-04-01,M-012,Corrective,75.9,592.1,1
MT-001490,2026-05-25,M-006,Corrective,24.2,126.73,1
MT-001491,2026-02-14,M-011,Preventive,84.6,714.98,0
MT-001492,2026-05-16,M-003,Corrective,28.8,119.25,1
MT-001493,2026-05-30,M-007,Corrective,73.0,589.22,1
MT-001494,2026-01-05,M-005,Preventive,39.8,254.28,0
MT-001495,2026-04-16,M-001,Preventive,94.6,505.82,0
MT-001496,2026-05-03,M-009,Preventive,38.9,184.85,0
MT-001497,2026-03-14,M-011,Preventive,69.2,422.38,0
MT-001498,2026-06-20,M-008,Emergency,82.0,716.74,1
MT-001499,2026-02-23,M-006,Preventive,20.0,131.69,0
MT-001500,2026-04-10,M-009,Corrective,84.0,542.84,1
MT-001501,2026-01-02,M-002,Preventive,88.8,509.03,0
MT-001502,2026-03-07,M-001,Corrective,50.7,366.17,1
MT-001503,2026-05-01,M-008,Emergency,161.8,1324.55,1
MT-001504,2026-01-21,M-004,Preventive,17.5,95.02,0
MT-001505,2026-01-09,M-007,Corrective,83.1,542.9,1
MT-001506,2026-02-18,M-010,Corrective,123.9,627.47,1
MT-001507,2026-04-12,M-001,Preventive,31.2,256.15,0
MT-001508,2026-05-04,M-001,Preventive,97.2,706.29,0
MT-001509,2026-04-22,M-003,Preventive,80.8,714.83,0
MT-001510,2026-01-09,M-001,Corrective,17.8,109.44,1
MT-001511,2026-02-11,M-003,Corrective,144.9,717.77,1
MT-001512,2026-05-28,M-006,Corrective,92.2,542.7,1
MT-001513,2026-02-22,M-006,Preventive,40.0,339.08,0
MT-001514,2026-02-17,M-007,Preventive,44.0,345.17,0
MT-001515,2026-06-13,M-010,Preventive,29.6,143.09,0
MT-001516,2026-06-28,M-006,Emergency,15.0,146.47,1
MT-001517,2026-05-09,M-006,Corrective,59.3,375.98,1
MT-001518,2026-03-11,M-003,Corrective,34.4,278.13,1
MT-001519,2026-06-11,M-005,Corrective,85.3,563.32,1
MT-001520,2026-01-29,M-003,Corrective,47.8,287.35,1
MT-001521,2026-01-15,M-005,Preventive,161.7,1472.57,0
MT-001522,2026-01-18,M-012,Preventive,104.3,518.76,0
MT-001523,2026-02-14,M-001,Corrective,29.2,283.54,1
MT-001524,2026-04-19,M-007,Preventive,22.2,189.82,0
MT-001525,2026-03-30,M-010,Preventive,30.4,123.49,0
MT-001526,2026-04-23,M-005,Corrective,20.5,136.42,1
MT-001527,2026-05-24,M-005,Corrective,70.3,553.07,1
MT-001528,2026-02-13,M-008,Emergency,70.6,651.58,1
MT-001529,2026-02-23,M-004,Preventive,51.7,312.04,0
MT-001530,2026-06-01,M-003,Preventive,108.5,665.25,0
MT-001531,2026-03-13,M-009,Emergency,58.5,565.47,1
MT-001532,2026-05-19,M-005,Preventive,85.8,608.63,0
MT-001533,2026-01-07,M-007,Corrective,96.1,663.39,1
MT-001534,2026-05-29,M-002,Corrective,29.0,143.68,1
MT-001535,2026-06-25,M-010,Corrective,102.1,838.18,1
MT-001536,2026-06-27,M-002,Preventive,52.1,482.23,0
MT-001537,2026-05-10,M-002,Corrective,69.5,506.21,1
MT-001538,2026-03-03,M-006,Preventive,30.9,144.07,0
MT-001539,2026-02-21,M-012,Corrective,44.3,263.03,1
MT-001540,2026-02-28,M-006,Preventive,15.0,141.58,0
MT-001541,2026-04-11,M-012,Corrective,100.5,492.12,1
MT-001542,2026-02-23,M-011,Corrective,20.9,140.64,1
MT-001543,2026-03-22,M-003,Emergency,58.2,310.68,1
MT-001544,2026-05-22,M-009,Corrective,35.6,344.71,1
MT-001545,2026-06-08,M-001,Corrective,88.4,564.15,1
MT-001546,2026-06-25,M-006,Corrective,135.5,1078.19,1
MT-001547,2026-04-16,M-002,Emergency,120.2,966.71,1
MT-001548,2026-06-15,M-012,Corrective,25.7,131.21,1
MT-001549,2026-03-26,M-005,Preventive,15.0,130.18,0
MT-001550,2026-06-27,M-007,Preventive,27.5,174.4,0
MT-001551,2026-03-02,M-006,Preventive,28.1,267.12,0
MT-001552,2026-04-24,M-010,Corrective,41.0,341.25,1
MT-001553,2026-04-27,M-004,Preventive,56.1,517.57,0
MT-001554,2026-04-29,M-009,Preventive,88.9,710.36,0
MT-001555,2026-04-06,M-008,Corrective,158.9,1413.82,1
MT-001556,2026-04-14,M-008,Emergency,137.6,947.6,1
MT-001557,2026-05-22,M-006,Preventive,55.8,512.48,0
MT-001558,2026-01-29,M-012,Corrective,90.3,843.2,1
MT-001559,2026-03-01,M-008,Emergency,106.4,932.43,1
MT-001560,2026-05-27,M-011,Corrective,157.8,1217.75,1
MT-001561,2026-03-30,M-004,Preventive,33.9,152.38,0
MT-001562,2026-05-21,M-003,Emergency,218.8,1241.28,1
MT-001563,2026-05-26,M-012,Preventive,53.9,305.42,0
MT-001564,2026-02-12,M-007,Preventive,25.7,125.13,0
MT-001565,2026-01-24,M-003,Corrective,133.8,1240.64,1
MT-001566,2026-04-27,M-011,Preventive,121.7,645.48,0
MT-001567,2026-04-27,M-001,Preventive,27.4,109.81,0
MT-001568,2026-03-08,M-001,Emergency,58.5,253.5,1
MT-001569,2026-01-11,M-010,Preventive,50.1,419.26,0
MT-001570,2026-06-03,M-003,Corrective,144.6,1316.58,1
MT-001571,2026-04-02,M-003,Corrective,41.4,191.13,1
MT-001572,2026-06-21,M-010,Emergency,102.0,781.47,1
MT-001573,2026-02-09,M-002,Preventive,24.2,200.45,0
MT-001574,2026-02-08,M-001,Preventive,124.9,681.65,0
MT-001575,2026-06-04,M-008,Preventive,15.0,96.04,0
MT-001576,2026-06-04,M-009,Corrective,42.9,383.42,1
MT-001577,2026-03-30,M-003,Corrective,51.7,229.16,1
MT-001578,2026-04-21,M-010,Emergency,193.1,993.12,1
MT-001579,2026-03-16,M-012,Preventive,15.0,84.74,0
MT-001580,2026-01-11,M-011,Corrective,121.2,669.35,1
MT-001581,2026-02-02,M-006,Preventive,29.9,157.35,0
MT-001582,2026-06-22,M-012,Corrective,106.5,1055.01,1
MT-001583,2026-06-07,M-001,Preventive,38.9,161.41,0
MT-001584,2026-03-27,M-005,Preventive,25.7,141.57,0
MT-001585,2026-01-21,M-001,Emergency,130.5,654.25,1
MT-001586,2026-01-15,M-010,Preventive,31.1,179.78,0
MT-001587,2026-04-06,M-003,Corrective,85.2,383.66,1
MT-001588,2026-02-24,M-012,Emergency,31.0,164.3,1
MT-001589,2026-04-17,M-010,Preventive,29.0,273.73,0
MT-001590,2026-01-03,M-009,Preventive,33.1,267.94,0
MT-001591,2026-06-06,M-012,Preventive,29.9,174.79,0
MT-001592,2026-05-16,M-007,Corrective,103.0,872.71,1
MT-001593,2026-02-09,M-008,Corrective,41.6,204.83,1
MT-001594,2026-02-05,M-003,Corrective,68.7,577.25,1
MT-001595,2026-01-07,M-009,Corrective,16.5,118.45,1
MT-001596,2026-05-24,M-009,Preventive,15.0,91.18,0
MT-001597,2026-03-24,M-003,Preventive,75.3,443.96,0
MT-001598,2026-01-13,M-002,Corrective,75.4,697.57,1
MT-001599,2026-05-06,M-008,Emergency,44.5,234.65,1
MT-001600,2026-01-18,M-007,Preventive,25.7,141.91,0
MT-001601,2026-04-30,M-004,Corrective,63.2,423.87,1
MT-001602,2026-04-26,M-010,Preventive,70.3,369.74,0
MT-001603,2026-01-01,M-009,Corrective,88.7,789.14,1
MT-001604,2026-03-11,M-002,Preventive,68.9,567.98,0
MT-001605,2026-03-06,M-002,Preventive,16.1,117.7,0
MT-001606,2026-01-01,M-006,Preventive,15.0,93.18,0
MT-001607,2026-02-15,M-006,Preventive,15.0,142.43,0
MT-001608,2026-04-23,M-008,Corrective,53.8,352.22,1
MT-001609,2026-01-29,M-006,Preventive,92.0,757.76,0
MT-001610,2026-03-23,M-011,Preventive,55.4,289.64,0
MT-001611,2026-04-04,M-012,Corrective,45.8,397.85,1
MT-001612,2026-06-27,M-011,Preventive,44.9,262.89,0
MT-001613,2026-01-04,M-009,Corrective,33.7,239.04,1
MT-001614,2026-03-23,M-012,Preventive,39.4,347.59,0
MT-001615,2026-04-25,M-012,Corrective,179.2,894.05,1
MT-001616,2026-06-03,M-004,Preventive,38.4,283.17,0
MT-001617,2026-02-28,M-004,Preventive,15.0,90.5,0
MT-001618,2026-04-08,M-012,Preventive,23.5,173.59,0
MT-001619,2026-05-13,M-005,Preventive,33.2,145.9,0
MT-001620,2026-04-15,M-009,Emergency,52.8,487.83,1
MT-001621,2026-01-25,M-008,Preventive,49.9,488.46,0
MT-001622,2026-06-05,M-009,Preventive,31.5,263.14,0
MT-001623,2026-04-28,M-009,Preventive,73.5,378.67,0
MT-001624,2026-04-11,M-007,Preventive,78.7,399.39,0
MT-001625,2026-01-17,M-001,Preventive,15.0,106.82,0
MT-001626,2026-03-15,M-009,Emergency,28.1,243.17,1
MT-001627,2026-04-15,M-007,Preventive,38.4,285.8,0
MT-001628,2026-06-04,M-009,Corrective,43.6,417.59,1
MT-001629,2026-01-16,M-011,Preventive,36.6,164.96,0
MT-001630,2026-06-12,M-012,Preventive,42.6,218.68,0
MT-001631,2026-01-14,M-005,Corrective,178.2,1388.89,1
MT-001632,2026-01-25,M-002,Corrective,76.2,495.52,1
MT-001633,2026-01-22,M-007,Emergency,127.9,1111.3,1
MT-001634,2026-01-16,M-004,Corrective,56.3,337.16,1
MT-001635,2026-02-13,M-007,Preventive,55.0,479.8,0
MT-001636,2026-03-09,M-001,Preventive,79.3,404.54,0
MT-001637,2026-05-11,M-001,Preventive,48.1,444.2,0
MT-001638,2026-03-17,M-006,Emergency,110.6,452.68,1
MT-001639,2026-06-09,M-009,Corrective,15.1,74.25,1
MT-001640,2026-02-04,M-006,Preventive,17.4,121.69,0
MT-001641,2026-06-02,M-006,Preventive,15.0,137.36,0
MT-001642,2026-03-03,M-004,Corrective,112.4,543.69,1
MT-001643,2026-03-18,M-005,Corrective,205.1,913.12,1
MT-001644,2026-01-17,M-009,Corrective,18.1,148.18,1
MT-001645,2026-01-27,M-011,Preventive,48.9,356.88,0
MT-001646,2026-03-14,M-004,Preventive,15.0,133.34,0
MT-001647,2026-01-02,M-005,Corrective,267.6,2651.95,1
MT-001648,2026-06-06,M-001,Preventive,118.1,647.0,0
MT-001649,2026-06-01,M-007,Corrective,22.9,152.12,1
MT-001650,2026-06-10,M-012,Corrective,25.2,132.35,1
MT-001651,2026-06-17,M-001,Preventive,32.6,164.93,0
MT-001652,2026-03-05,M-003,Emergency,93.2,559.56,1
MT-001653,2026-04-25,M-010,Emergency,95.1,396.59,1
MT-001654,2026-06-13,M-007,Corrective,59.1,319.39,1
MT-001655,2026-02-14,M-005,Corrective,86.3,738.42,1
MT-001656,2026-02-04,M-003,Preventive,41.5,288.93,0
MT-001657,2026-06-18,M-010,Corrective,32.9,261.46,1
MT-001658,2026-01-26,M-001,Emergency,21.0,91.45,1
MT-001659,2026-01-17,M-009,Emergency,42.0,318.38,1
MT-001660,2026-05-05,M-010,Preventive,15.0,134.89,0
MT-001661,2026-03-13,M-001,Preventive,35.6,273.53,0
MT-001662,2026-03-28,M-010,Preventive,129.8,849.18,0
MT-001663,2026-03-26,M-008,Preventive,15.0,80.57,0
MT-001664,2026-06-25,M-009,Corrective,38.0,193.16,1
MT-001665,2026-03-07,M-002,Preventive,52.5,523.97,0
MT-001666,2026-01-23,M-004,Emergency,67.3,407.96,1
MT-001667,2026-05-08,M-001,Preventive,56.0,228.38,0
MT-001668,2026-02-08,M-007,Corrective,28.5,263.53,1
MT-001669,2026-03-17,M-002,Corrective,130.2,588.51,1
MT-001670,2026-06-27,M-008,Preventive,60.4,384.2,0
MT-001671,2026-06-20,M-007,Emergency,66.6,285.15,1
MT-001672,2026-02-16,M-009,Corrective,230.3,1097.74,1
MT-001673,2026-04-08,M-004,Preventive,157.0,1144.09,0
MT-001674,2026-03-23,M-001,Corrective,172.2,776.55,1
MT-001675,2026-06-06,M-002,Emergency,95.9,706.53,1
MT-001676,2026-01-04,M-008,Preventive,69.7,497.39,0
MT-001677,2026-06-13,M-008,Corrective,46.0,337.45,1
MT-001678,2026-05-08,M-010,Preventive,30.3,239.67,0
MT-001679,2026-06-21,M-011,Corrective,104.8,509.1,1
MT-001680,2026-04-04,M-010,Emergency,37.1,240.92,1
MT-001681,2026-03-18,M-002,Emergency,114.0,736.82,1
MT-001682,2026-04-25,M-012,Corrective,98.8,656.09,1
MT-001683,2026-05-19,M-004,Preventive,15.0,95.02,0
MT-001684,2026-06-03,M-012,Corrective,91.5,510.92,1
MT-001685,2026-01-25,M-002,Corrective,53.1,413.42,1
MT-001686,2026-03-18,M-005,Preventive,29.4,151.32,0
MT-001687,2026-06-19,M-009,Corrective,110.1,995.11,1
MT-001688,2026-04-01,M-012,Preventive,20.7,158.59,0
MT-001689,2026-01-24,M-005,Preventive,15.0,139.3,0
MT-001690,2026-01-29,M-006,Corrective,255.8,1988.57,1
MT-001691,2026-02-11,M-002,Preventive,15.0,126.57,0
MT-001692,2026-02-15,M-010,Corrective,139.6,1324.94,1
MT-001693,2026-02-04,M-010,Emergency,32.0,277.36,1
MT-001694,2026-03-22,M-001,Preventive,26.3,111.48,0
MT-001695,2026-05-19,M-008,Preventive,68.8,601.8,0
MT-001696,2026-01-09,M-002,Emergency,72.1,293.46,1
MT-001697,2026-02-26,M-012,Preventive,66.3,279.43,0
MT-001698,2026-02-08,M-007,Corrective,67.5,473.36,1
MT-001699,2026-05-26,M-010,Corrective,85.3,683.16,1
MT-001700,2026-01-30,M-009,Corrective,77.5,444.23,1
MT-001701,2026-03-27,M-002,Preventive,44.0,372.97,0
MT-001702,2026-01-21,M-006,Corrective,52.8,229.12,1
MT-001703,2026-04-20,M-007,Corrective,110.2,1075.61,1
MT-001704,2026-06-27,M-012,Corrective,24.5,189.11,1
MT-001705,2026-06-30,M-002,Preventive,83.9,660.37,0
MT-001706,2026-06-24,M-009,Corrective,66.5,621.56,1
MT-001707,2026-02-19,M-002,Corrective,69.4,638.69,1
MT-001708,2026-04-30,M-004,Emergency,79.6,461.04,1
MT-001709,2026-01-12,M-003,Corrective,41.7,249.72,1
MT-001710,2026-02-16,M-009,Corrective,115.1,919.86,1
MT-001711,2026-02-13,M-003,Corrective,109.5,629.56,1
MT-001712,2026-05-05,M-011,Preventive,15.0,137.61,0
MT-001713,2026-05-30,M-011,Preventive,49.2,398.65,0
MT-001714,2026-03-17,M-003,Preventive,59.4,323.52,0
MT-001715,2026-06-25,M-002,Emergency,48.2,477.61,1
MT-001716,2026-01-09,M-009,Preventive,42.0,318.6,0
MT-001717,2026-02-18,M-007,Preventive,17.6,151.61,0
MT-001718,2026-03-05,M-002,Preventive,15.0,120.27,0
MT-001719,2026-01-04,M-002,Preventive,15.0,64.68,0
MT-001720,2026-06-05,M-009,Preventive,36.3,180.57,0
MT-001721,2026-01-04,M-009,Preventive,43.0,235.12,0
MT-001722,2026-04-29,M-003,Corrective,30.2,277.96,1
MT-001723,2026-04-21,M-006,Corrective,148.7,714.18,1
MT-001724,2026-01-17,M-010,Preventive,26.4,117.27,0
MT-001725,2026-02-06,M-002,Emergency,82.4,738.13,1
MT-001726,2026-03-08,M-007,Preventive,89.1,370.63,0
MT-001727,2026-03-15,M-006,Preventive,101.3,525.75,0
MT-001728,2026-04-27,M-004,Corrective,25.1,228.0,1
MT-001729,2026-06-18,M-008,Preventive,107.6,1072.49,0
MT-001730,2026-05-10,M-012,Corrective,100.1,806.96,1
MT-001731,2026-01-29,M-004,Preventive,63.2,301.64,0
MT-001732,2026-02-19,M-012,Corrective,22.9,105.93,1
MT-001733,2026-06-03,M-009,Preventive,15.0,89.05,0
MT-001734,2026-04-03,M-010,Preventive,56.2,495.04,0
MT-001735,2026-01-18,M-003,Preventive,44.7,334.74,0
MT-001736,2026-06-11,M-010,Corrective,75.3,572.77,1
MT-001737,2026-05-06,M-001,Preventive,31.8,268.77,0
MT-001738,2026-06-19,M-007,Preventive,25.5,183.18,0
MT-001739,2026-06-14,M-005,Preventive,146.4,1237.4,0
MT-001740,2026-04-28,M-008,Preventive,46.2,288.38,0
MT-001741,2026-04-12,M-003,Corrective,135.2,948.71,1
MT-001742,2026-06-02,M-011,Corrective,125.2,532.82,1
MT-001743,2026-02-07,M-012,Preventive,80.5,427.98,0
MT-001744,2026-06-15,M-005,Preventive,37.0,336.26,0
MT-001745,2026-02-16,M-007,Preventive,65.0,542.91,0
MT-001746,2026-02-23,M-007,Preventive,63.9,626.12,0
MT-001747,2026-06-30,M-007,Preventive,15.0,82.45,0
MT-001748,2026-02-07,M-009,Preventive,52.2,290.87,0
MT-001749,2026-06-06,M-011,Emergency,101.4,482.67,1
MT-001750,2026-01-28,M-011,Preventive,116.0,969.88,0
MT-001751,2026-06-10,M-010,Preventive,119.1,618.91,0
MT-001752,2026-06-25,M-011,Corrective,123.8,671.13,1
MT-001753,2026-04-15,M-009,Corrective,109.4,826.0,1
MT-001754,2026-05-28,M-005,Corrective,18.9,181.82,1
MT-001755,2026-05-02,M-004,Preventive,27.9,135.58,0
MT-001756,2026-03-27,M-002,Corrective,130.8,1219.81,1
MT-001757,2026-02-08,M-012,Emergency,154.5,653.15,1
MT-001758,2026-02-02,M-006,Emergency,115.3,686.95,1
MT-001759,2026-05-08,M-011,Corrective,73.7,411.44,1
MT-001760,2026-01-30,M-002,Preventive,15.8,124.25,0
MT-001761,2026-06-01,M-005,Preventive,54.4,522.92,0
MT-001762,2026-05-06,M-003,Preventive,78.7,318.94,0
MT-001763,2026-06-14,M-011,Corrective,28.4,178.52,1
MT-001764,2026-05-17,M-007,Corrective,110.2,852.47,1
MT-001765,2026-04-02,M-009,Preventive,40.8,327.05,0
MT-001766,2026-02-21,M-006,Corrective,27.2,205.06,1
MT-001767,2026-05-06,M-003,Emergency,39.2,271.95,1
MT-001768,2026-03-02,M-001,Preventive,39.6,277.02,0
MT-001769,2026-01-27,M-007,Corrective,77.0,667.97,1
MT-001770,2026-06-29,M-008,Preventive,68.3,484.5,0
MT-001771,2026-06-04,M-002,Emergency,108.2,698.16,1
MT-001772,2026-03-18,M-001,Preventive,74.7,703.7,0
MT-001773,2026-01-25,M-007,Preventive,15.0,73.04,0
MT-001774,2026-05-21,M-005,Preventive,58.1,281.86,0
MT-001775,2026-02-17,M-001,Preventive,15.0,100.62,0
MT-001776,2026-06-15,M-009,Corrective,101.4,625.46,1
MT-001777,2026-06-05,M-009,Emergency,300.0,2793.87,1
MT-001778,2026-05-26,M-001,Corrective,77.1,488.3,1
MT-001779,2026-06-08,M-009,Corrective,37.3,311.51,1
MT-001780,2026-04-29,M-009,Corrective,77.0,649.9,1
MT-001781,2026-06-19,M-003,Corrective,22.8,189.14,1
MT-001782,2026-03-25,M-002,Preventive,22.6,140.07,0
MT-001783,2026-03-19,M-001,Emergency,160.6,1181.97,1
MT-001784,2026-01-21,M-002,Corrective,50.9,384.16,1
MT-001785,2026-01-09,M-012,Preventive,92.3,886.02,0
MT-001786,2026-02-10,M-002,Corrective,43.5,270.61,1
MT-001787,2026-03-02,M-010,Emergency,47.1,310.5,1
MT-001788,2026-02-26,M-009,Emergency,63.5,488.08,1
MT-001789,2026-04-27,M-003,Corrective,17.4,88.83,1
MT-001790,2026-06-15,M-006,Preventive,44.3,237.3,0
MT-001791,2026-05-20,M-009,Corrective,266.7,2160.06,1
MT-001792,2026-01-29,M-008,Preventive,94.6,467.11,0
MT-001793,2026-01-28,M-011,Corrective,147.3,1308.72,1
MT-001794,2026-06-28,M-006,Preventive,63.0,325.18,0
MT-001795,2026-01-25,M-004,Preventive,22.7,133.69,0
MT-001796,2026-04-21,M-006,Preventive,18.1,138.23,0
MT-001797,2026-05-08,M-011,Preventive,25.6,157.19,0
MT-001798,2026-04-29,M-003,Corrective,44.2,420.27,1
MT-001799,2026-02-07,M-001,Preventive,27.4,239.92,0
MT-001800,2026-02-18,M-012,Corrective,40.8,186.68,1
